,ID,Sobrevivente,Classe,Sexo,Idade,Irm√£os e Esposos,Pais e Filhos,Bilhete,Tarifa,Cabine,Local de Embarque,Nome,Sobrenome
0,1,0,3,masculino,22.0,1,0,A/5 21171,7.25,,Southampton, Owen Harris,Braund
1,2,1,1,feminino,38.0,1,0,PC 17599,71.2833,C85,Cherbourg,Florence Briggs,Thayer
2,3,1,3,feminino,26.0,0,0,STON/O2. 3101282,7.925,,Southampton, Laina,Heikkinen
3,4,1,1,feminino,35.0,1,0,113803,53.1,C123,Southampton,Lily May,Peel
4,5,0,3,masculino,35.0,0,0,373450,8.05,,Southampton, William Henry,Allen
5,6,0,3,masculino,,0,0,330877,8.4583,,Queenstown, James,Moran
6,7,0,1,masculino,54.0,0,0,17463,51.8625,E46,Southampton, Timothy J,McCarthy
7,8,0,3,masculino,2.0,3,1,349909,21.075,,Southampton, Master. Gosta Leonard,Palsson
8,9,1,3,feminino,27.0,0,2,347742,11.1333,,Southampton,Elisabeth Vilhelmina,Berg
9,10,1,2,feminino,14.0,1,0,237736,30.0708,,Cherbourg,Adele,Achem
10,11,1,3,feminino,4.0,1,1,PP 9549,16.7,G6,Southampton, Marguerite Rut,Sandstrom
11,12,1,1,feminino,58.0,0,0,113783,26.55,C103,Southampton, Elizabeth,Bonnell
12,13,0,3,masculino,20.0,0,0,A/5. 2151,8.05,,Southampton, William Henry,Saundercock
13,14,0,3,masculino,39.0,1,5,347082,31.275,,Southampton, Anders Johan,Andersson
14,15,0,3,feminino,14.0,0,0,350406,7.8542,,Southampton, Hulda Amanda Adolfina,Vestrom
15,16,1,2,feminino,55.0,0,0,248706,16.0,,Southampton,Mary D,Kingcome
16,17,0,3,masculino,2.0,4,1,382652,29.125,,Queenstown, Master. Eugene,Rice
17,18,1,2,masculino,,0,0,244373,13.0,,Southampton, Charles Eugene,Williams
18,19,0,3,feminino,31.0,1,0,345763,18.0,,Southampton,Emelia Maria,Vandemoortele
19,20,1,3,feminino,,0,0,2649,7.225,,Cherbourg, Fatima,Masselmani
20,21,0,2,masculino,35.0,0,0,239865,26.0,,Southampton, Joseph J,Fynney
21,22,1,2,masculino,34.0,0,0,248698,13.0,D56,Southampton, Lawrence,Beesley
22,23,1,3,feminino,15.0,0,0,330923,8.0292,,Queenstown," Anna ""Annie""",McGowan
23,24,1,1,masculino,28.0,0,0,113788,35.5,A6,Southampton, William Thompson,Sloper
24,25,0,3,feminino,8.0,3,1,349909,21.075,,Southampton, Torborg Danira,Palsson
25,26,1,3,feminino,38.0,1,5,347077,31.3875,,Southampton,Selma Augusta Emilia,Johansson
26,27,0,3,masculino,,0,0,2631,7.225,,Cherbourg, Farred Chehab,Emir
27,28,0,1,masculino,19.0,3,2,19950,263.0,C23 C25 C27,Southampton, Charles Alexander,Fortune
28,29,1,3,feminino,,0,0,330959,7.8792,,Queenstown," Ellen ""Nellie""",O'Dwyer
29,30,0,3,masculino,,0,0,349216,7.8958,,Southampton, Lalio,Todoroff
30,31,0,1,masculino,40.0,0,0,PC 17601,27.7208,,Cherbourg, Don. Manuel E,Uruchurtu
31,32,1,1,feminino,,1,0,PC 17569,146.5208,B78,Cherbourg,Marie,Eugenie
32,33,1,3,feminino,,0,0,335677,7.75,,Queenstown, Mary Agatha,Glynn
33,34,0,2,masculino,66.0,0,0,C.A. 24579,10.5,,Southampton, Edward H,Wheadon
34,35,0,1,masculino,28.0,1,0,PC 17604,82.1708,,Cherbourg, Edgar Joseph,Meyer
35,36,0,1,masculino,42.0,1,0,113789,52.0,,Southampton, Alexander Oskar,Holverson
36,37,1,3,masculino,,0,0,2677,7.2292,,Cherbourg, Hanna,Mamee
37,38,0,3,masculino,21.0,0,0,A./5. 2152,8.05,,Southampton, Ernest Charles,Cann
38,39,0,3,feminino,18.0,2,0,345764,18.0,,Southampton, Augusta Maria Vander,Planke
39,40,1,3,feminino,14.0,1,0,2651,11.2417,,Cherbourg, Jamila,Nicola-Yarred
40,41,0,3,feminino,40.0,1,0,7546,9.475,,Southampton,Johanna Persdotter,Larsson
41,42,0,2,feminino,27.0,1,0,11668,21.0,,Southampton,Dorothy Ann,Wonnacott
42,43,0,3,masculino,,0,0,349253,7.8958,,Cherbourg, Theodor,Kraeff
43,44,1,2,feminino,3.0,1,2,SC/Paris 2123,41.5792,,Cherbourg, Simonne Marie Anne Andree,Laroche
44,45,1,3,feminino,19.0,0,0,330958,7.8792,,Queenstown, Margaret Delia,Devaney
45,46,0,3,masculino,,0,0,S.C./A.4. 23567,8.05,,Southampton, William John,Rogers
46,47,0,3,masculino,,1,0,370371,15.5,,Queenstown, Denis,Lennon
47,48,1,3,feminino,,0,0,14311,7.75,,Queenstown, Bridget,O'Driscoll
48,49,0,3,masculino,,2,0,2662,21.6792,,Cherbourg, Youssef,Samaan
49,50,0,3,feminino,18.0,1,0,349237,17.8,,Southampton,Josefine,Franchi
50,51,0,3,masculino,7.0,4,1,3101295,39.6875,,Southampton, Master. Juha Niilo,Panula
51,52,0,3,masculino,21.0,0,0,A/4. 39886,7.8,,Southampton, Richard Cater,Nosworthy
52,53,1,1,feminino,49.0,1,0,PC 17572,76.7292,D33,Cherbourg,Myna,Haxtun
53,54,1,2,feminino,29.0,1,0,2926,26.0,,Southampton,Elizabeth Anne,Wilkinson
54,55,0,1,masculino,65.0,0,1,113509,61.9792,B30,Cherbourg, Engelhart Cornelius,Ostby
55,56,1,1,masculino,,0,0,19947,35.5,C52,Southampton, Hugh,Woolner
56,57,1,2,feminino,21.0,0,0,C.A. 31026,10.5,,Southampton, Emily,Rugg
57,58,0,3,masculino,28.5,0,0,2697,7.2292,,Cherbourg, Mansouer,Novel
58,59,1,2,feminino,5.0,1,2,C.A. 34651,27.75,,Southampton, Constance Mirium,West
59,60,0,3,masculino,11.0,5,2,CA 2144,46.9,,Southampton, Master. William Frederick,Goodwin
60,61,0,3,masculino,22.0,0,0,2669,7.2292,,Cherbourg, Orsen,Sirayanian
61,62,1,1,feminino,38.0,0,0,113572,80.0,B28,, Amelie,Icard
62,63,0,1,masculino,45.0,1,0,36973,83.475,C83,Southampton, Henry Birkhardt,Harris
63,64,0,3,masculino,4.0,3,2,347088,27.9,,Southampton, Master. Harald,Skoog
64,65,0,1,masculino,,0,0,PC 17605,27.7208,,Cherbourg, Albert A,Stewart
65,66,1,3,masculino,,1,1,2661,15.2458,,Cherbourg, Master. Gerios,Moubarek
66,67,1,2,feminino,29.0,0,0,C.A. 29395,10.5,F33,Southampton,Elizabeth,Ramell
67,68,0,3,masculino,19.0,0,0,S.P. 3464,8.1583,,Southampton, Ernest James,Crease
68,69,1,3,feminino,17.0,4,2,3101281,7.925,,Southampton, Erna Alexandra,Andersson
69,70,0,3,masculino,26.0,2,0,315151,8.6625,,Southampton, Vincenz,Kink
70,71,0,2,masculino,32.0,0,0,C.A. 33111,10.5,,Southampton, Stephen Curnow,Jenkin
71,72,0,3,feminino,16.0,5,2,CA 2144,46.9,,Southampton, Lillian Amy,Goodwin
72,73,0,2,masculino,21.0,0,0,S.O.C. 14879,73.5,,Southampton, Ambrose Jr,Hood
73,74,0,3,masculino,26.0,1,0,2680,14.4542,,Cherbourg, Apostolos,Chronopoulos
74,75,1,3,masculino,32.0,0,0,1601,56.4958,,Southampton, Lee,Bing
75,76,0,3,masculino,25.0,0,0,348123,7.65,F G73,Southampton, Sigurd Hansen,Moen
76,77,0,3,masculino,,0,0,349208,7.8958,,Southampton, Ivan,Staneff
77,78,0,3,masculino,,0,0,374746,8.05,,Southampton, Rahamin Haim,Moutal
78,79,1,2,masculino,0.83,0,2,248738,29.0,,Southampton, Master. Alden Gates,Caldwell
79,80,1,3,feminino,30.0,0,0,364516,12.475,,Southampton, Elizabeth,Dowdell
80,81,0,3,masculino,22.0,0,0,345767,9.0,,Southampton, Achille,Waelens
81,82,1,3,masculino,29.0,0,0,345779,9.5,,Southampton, Jan Baptist,Sheerlinck
82,83,1,3,feminino,,0,0,330932,7.7875,,Queenstown, Brigdet Delia,McDermott
83,84,0,1,masculino,28.0,0,0,113059,47.1,,Southampton, Francisco M,Carrau
84,85,1,2,feminino,17.0,0,0,SO/C 14885,10.5,,Southampton, Bertha,Ilett
85,86,1,3,feminino,33.0,3,0,3101278,15.85,,Southampton,Maria Mathilda,Gustafsson
86,87,0,3,masculino,16.0,1,3,W./C. 6608,34.375,,Southampton, William Neal,Ford
87,88,0,3,masculino,,0,0,SOTON/OQ 392086,8.05,,Southampton, Selman Francis,Slocovski
88,89,1,1,feminino,23.0,3,2,19950,263.0,C23 C25 C27,Southampton, Mabel Helen,Fortune
89,90,0,3,masculino,24.0,0,0,343275,8.05,,Southampton, Francesco,Celotti
90,91,0,3,masculino,29.0,0,0,343276,8.05,,Southampton, Emil,Christmann
91,92,0,3,masculino,20.0,0,0,347466,7.8542,,Southampton, Paul Edvin,Andreasson
92,93,0,1,masculino,46.0,1,0,W.E.P. 5734,61.175,E31,Southampton, Herbert Fuller,Chaffee
93,94,0,3,masculino,26.0,1,2,C.A. 2315,20.575,,Southampton, Bertram Frank,Dean
94,95,0,3,masculino,59.0,0,0,364500,7.25,,Southampton, Daniel,Coxon
95,96,0,3,masculino,,0,0,374910,8.05,,Southampton, Charles Joseph,Shorney
96,97,0,1,masculino,71.0,0,0,PC 17754,34.6542,A5,Cherbourg, George B,Goldschmidt
97,98,1,1,masculino,23.0,0,1,PC 17759,63.3583,D10 D12,Cherbourg, William Bertram,Greenfield
98,99,1,2,feminino,34.0,0,1,231919,23.0,,Southampton,Ada Julia,Bone
99,100,0,2,masculino,34.0,1,0,244367,26.0,,Southampton, Sinai,Kantor
100,101,0,3,feminino,28.0,0,0,349245,7.8958,,Southampton, Matilda,Petranec
101,102,0,3,masculino,,0,0,349215,7.8958,,Southampton," Pastcho (""Pentcho"")",Petroff
102,103,0,1,masculino,21.0,0,1,35281,77.2875,D26,Southampton, Richard Frasar,White
103,104,0,3,masculino,33.0,0,0,7540,8.6542,,Southampton, Gustaf Joel,Johansson
104,105,0,3,masculino,37.0,2,0,3101276,7.925,,Southampton, Anders Vilhelm,Gustafsson
105,106,0,3,masculino,28.0,0,0,349207,7.8958,,Southampton, Stoytcho,Mionoff
106,107,1,3,feminino,21.0,0,0,343120,7.65,,Southampton, Anna Kristine,Salkjelsvik
107,108,1,3,masculino,,0,0,312991,7.775,,Southampton, Albert Johan,Moss
108,109,0,3,masculino,38.0,0,0,349249,7.8958,,Southampton, Tido,Rekic
109,110,1,3,feminino,,1,0,371110,24.15,,Queenstown, Bertha,Moran
110,111,0,1,masculino,47.0,0,0,110465,52.0,C110,Southampton, Walter Chamberlain,Porter
111,112,0,3,feminino,14.5,1,0,2665,14.4542,,Cherbourg, Hileni,Zabour
112,113,0,3,masculino,22.0,0,0,324669,8.05,,Southampton, David John,Barton
113,114,0,3,feminino,20.0,1,0,4136,9.825,,Southampton, Katriina,Jussila
114,115,0,3,feminino,17.0,0,0,2627,14.4583,,Cherbourg, Malake,Attalah
115,116,0,3,masculino,21.0,0,0,STON/O 2. 3101294,7.925,,Southampton, Edvard,Pekoniemi
116,117,0,3,masculino,70.5,0,0,370369,7.75,,Queenstown, Patrick,Connors
117,118,0,2,masculino,29.0,1,0,11668,21.0,,Southampton, William John Robert,Turpin
118,119,0,1,masculino,24.0,0,1,PC 17558,247.5208,B58 B60,Cherbourg, Quigg Edmond,Baxter
119,120,0,3,feminino,2.0,4,2,347082,31.275,,Southampton, Ellis Anna Maria,Andersson
120,121,0,2,masculino,21.0,2,0,S.O.C. 14879,73.5,,Southampton, Stanley George,Hickman
121,122,0,3,masculino,,0,0,A4. 54510,8.05,,Southampton, Leonard Charles,Moore
122,123,0,2,masculino,32.5,1,0,237736,30.0708,,Cherbourg, Nicholas,Nasser
123,124,1,2,feminino,32.5,0,0,27267,13.0,E101,Southampton, Susan,Webber
124,125,0,1,masculino,54.0,0,1,35281,77.2875,D26,Southampton, Percival Wayland,White
125,126,1,3,masculino,12.0,1,0,2651,11.2417,,Cherbourg, Master. Elias,Nicola-Yarred
126,127,0,3,masculino,,0,0,370372,7.75,,Queenstown, Martin,McMahon
127,128,1,3,masculino,24.0,0,0,C 17369,7.1417,,Southampton, Fridtjof Arne,Madsen
128,129,1,3,feminino,,1,1,2668,22.3583,F E69,Cherbourg, Anna,Peter
129,130,0,3,masculino,45.0,0,0,347061,6.975,,Southampton, Johan,Ekstrom
130,131,0,3,masculino,33.0,0,0,349241,7.8958,,Cherbourg, Jozef,Drazenoic
131,132,0,3,masculino,20.0,0,0,SOTON/O.Q. 3101307,7.05,,Southampton, Domingos Fernandeo,Coelho
132,133,0,3,feminino,47.0,1,0,A/5. 3337,14.5,,Southampton,Grace Charity,Laury
133,134,1,2,feminino,29.0,1,0,228414,26.0,,Southampton,Mathilde Francoise,Pede
134,135,0,2,masculino,25.0,0,0,C.A. 29178,13.0,,Southampton, Samuel James Hayden,Sobey
135,136,0,2,masculino,23.0,0,0,SC/PARIS 2133,15.0458,,Cherbourg, Emile,Richard
136,137,1,1,feminino,19.0,0,2,11752,26.2833,D47,Southampton, Helen Monypeny,Newsom
137,138,0,1,masculino,37.0,1,0,113803,53.1,C123,Southampton, Jacques Heath,Futrelle
138,139,0,3,masculino,16.0,0,0,7534,9.2167,,Southampton, Olaf Elon,Osen
139,140,0,1,masculino,24.0,0,0,PC 17593,79.2,B86,Cherbourg, Victor,Giglio
140,141,0,3,feminino,,0,2,2678,15.2458,,Cherbourg, Joseph (Sultana),Boulos
141,142,1,3,feminino,22.0,0,0,347081,7.75,,Southampton, Anna Sofia,Nysten
142,143,1,3,feminino,24.0,1,0,STON/O2. 3101279,15.85,,Southampton,Elin Matilda,Dolck
143,144,0,3,masculino,19.0,0,0,365222,6.75,,Queenstown, Jeremiah,Burke
144,145,0,2,masculino,18.0,0,0,231945,11.5,,Southampton, Edgardo Samuel,Andrew
145,146,0,2,masculino,19.0,1,1,C.A. 33112,36.75,,Southampton, Joseph Charles,Nicholls
146,147,1,3,masculino,27.0,0,0,350043,7.7958,,Southampton," August Edvard (""Wennerstrom"")",Andersson
147,148,0,3,feminino,9.0,2,2,W./C. 6608,34.375,,Southampton," Robina Maggie ""Ruby""",Ford
148,149,0,2,masculino,36.5,0,2,230080,26.0,F2,Southampton,"""Louis","Hoffman"""
149,150,0,2,masculino,42.0,0,0,244310,13.0,,Southampton, Thomas Roussel Davids,Byles
150,151,0,2,masculino,51.0,0,0,S.O.P. 1166,12.525,,Southampton, Robert James,Bateman
151,152,1,1,feminino,22.0,1,0,113776,66.6,C2,Southampton,Edith,Wearne
152,153,0,3,masculino,55.5,0,0,A.5. 11206,8.05,,Southampton, Alfonzo,Meo
153,154,0,3,masculino,40.5,0,2,A/5. 851,14.5,,Southampton, Austin Blyler van,Billiard
154,155,0,3,masculino,,0,0,Fa 265302,7.3125,,Southampton, Ole Martin,Olsen
155,156,0,1,masculino,51.0,0,1,PC 17597,61.3792,,Cherbourg, Charles Duane,Williams
156,157,1,3,feminino,16.0,0,0,35851,7.7333,,Queenstown," Katherine ""Katie""",Gilnagh
157,158,0,3,masculino,30.0,0,0,SOTON/OQ 392090,8.05,,Southampton, Harry,Corn
158,159,0,3,masculino,,0,0,315037,8.6625,,Southampton, Mile,Smiljanic
159,160,0,3,masculino,,8,2,CA. 2343,69.55,,Southampton, Master. Thomas Henry,Sage
160,161,0,3,masculino,44.0,0,1,371362,16.1,,Southampton, John Hatfield,Cribb
161,162,1,2,feminino,40.0,0,0,C.A. 33595,15.75,,Southampton,"Elizabeth ""Bessie"" Inglis",Milne
162,163,0,3,masculino,26.0,0,0,347068,7.775,,Southampton, John Viktor,Bengtsson
163,164,0,3,masculino,17.0,0,0,315093,8.6625,,Southampton, Jovo,Calic
164,165,0,3,masculino,1.0,4,1,3101295,39.6875,,Southampton, Master. Eino Viljami,Panula
165,166,1,3,masculino,9.0,0,2,363291,20.525,,Southampton," Master. Frank John William ""Frankie""",Goldsmith
166,167,1,1,feminino,,0,1,113505,55.0,E33,Southampton,Edith Martha,Bowerman
167,168,0,3,feminino,45.0,1,4,347088,27.9,,Southampton,Anna Bernhardina,Karlsson
168,169,0,1,masculino,,0,0,PC 17318,25.925,,Southampton, John D,Baumann
169,170,0,3,masculino,28.0,0,0,1601,56.4958,,Southampton, Lee,Ling
170,171,0,1,masculino,61.0,0,0,111240,33.5,B19,Southampton, Wyckoff Van der,hoef
171,172,0,3,masculino,4.0,4,1,382652,29.125,,Queenstown, Master. Arthur,Rice
172,173,1,3,feminino,1.0,1,1,347742,11.1333,,Southampton, Eleanor Ileen,Johnson
173,174,0,3,masculino,21.0,0,0,STON/O 2. 3101280,7.925,,Southampton, Antti Wilhelm,Sivola
174,175,0,1,masculino,56.0,0,0,17764,30.6958,A7,Cherbourg, James Clinch,Smith
175,176,0,3,masculino,18.0,1,1,350404,7.8542,,Southampton, Klas Albin,Klasen
176,177,0,3,masculino,,3,1,4133,25.4667,,Southampton, Master. Henry Forbes,Lefebre
177,178,0,1,feminino,50.0,0,0,PC 17595,28.7125,C49,Cherbourg, Ann Elizabeth,Isham
178,179,0,2,masculino,30.0,0,0,250653,13.0,,Southampton, Reginald,Hale
179,180,0,3,masculino,36.0,0,0,LINE,0.0,,Southampton, Lionel,Leonard
180,181,0,3,feminino,,8,2,CA. 2343,69.55,,Southampton, Constance Gladys,Sage
181,182,0,2,masculino,,0,0,SC/PARIS 2131,15.05,,Cherbourg, Rene,Pernot
182,183,0,3,masculino,9.0,4,2,347077,31.3875,,Southampton, Master. Clarence Gustaf Hugo,Asplund
183,184,1,2,masculino,1.0,2,1,230136,39.0,F4,Southampton, Master. Richard F,Becker
184,185,1,3,feminino,4.0,0,2,315153,22.025,,Southampton, Luise Gretchen,Kink-Heilmann
185,186,0,1,masculino,,0,0,113767,50.0,A32,Southampton, Hugh Roscoe,Rood
186,187,1,3,feminino,,1,0,370365,15.5,,Queenstown,"Johanna ""Hannah""",Godfrey
187,188,1,1,masculino,45.0,0,0,111428,26.55,,Southampton,"""C","Rolmane"""
188,189,0,3,masculino,40.0,1,1,364849,15.5,,Queenstown, John,Bourke
189,190,0,3,masculino,36.0,0,0,349247,7.8958,,Southampton, Stjepan,Turcin
190,191,1,2,feminino,32.0,0,0,234604,13.0,,Southampton, (Rosa),Pinsky
191,192,0,2,masculino,19.0,0,0,28424,13.0,,Southampton, William,Carbines
192,193,1,3,feminino,19.0,1,0,350046,7.8542,,Southampton, Carla Christine Nielsine,Andersen-Jensen
193,194,1,2,masculino,3.0,1,1,230080,26.0,F2,Southampton, Master. Michel M,Navratil
194,195,1,1,feminino,44.0,0,0,PC 17610,27.7208,B4,Cherbourg,Margaret,Tobin
195,196,1,1,feminino,58.0,0,0,PC 17569,146.5208,B80,Cherbourg, Elise,Lurette
196,197,0,3,masculino,,0,0,368703,7.75,,Queenstown, Robert,Mernagh
197,198,0,3,masculino,42.0,0,1,4579,8.4042,,Southampton, Karl Siegwart Andreas,Olsen
198,199,1,3,feminino,,0,0,370370,7.75,,Queenstown," Margaret ""Maggie""",Madigan
199,200,0,2,feminino,24.0,0,0,248747,13.0,,Southampton," Henriette (""Harbeck"")",Yrois
200,201,0,3,masculino,28.0,0,0,345770,9.5,,Southampton, Nestor Cyriel Vande,Walle
201,202,0,3,masculino,,8,2,CA. 2343,69.55,,Southampton, Frederick,Sage
202,203,0,3,masculino,34.0,0,0,3101264,6.4958,,Southampton, Jakob Alfred,Johanson
203,204,0,3,masculino,45.5,0,0,2628,7.225,,Cherbourg, Gerious,Youseff
204,205,1,3,masculino,18.0,0,0,A/5 3540,8.05,,Southampton," Gurshon ""Gus""",Cohen
205,206,0,3,feminino,2.0,0,1,347054,10.4625,G6,Southampton, Telma Matilda,Strom
206,207,0,3,masculino,32.0,1,0,3101278,15.85,,Southampton, Karl Alfred,Backstrom
207,208,1,3,masculino,26.0,0,0,2699,18.7875,,Cherbourg, Nassef Cassem,Albimona
208,209,1,3,feminino,16.0,0,0,367231,7.75,,Queenstown," Helen ""Ellen""",Carr
209,210,1,1,masculino,40.0,0,0,112277,31.0,A31,Cherbourg, Henry,Blank
210,211,0,3,masculino,24.0,0,0,SOTON/O.Q. 3101311,7.05,,Southampton, Ahmed,Ali
211,212,1,2,feminino,35.0,0,0,F.C.C. 13528,21.0,,Southampton, Clear Annie,Cameron
212,213,0,3,masculino,22.0,0,0,A/5 21174,7.25,,Southampton, John Henry,Perkin
213,214,0,2,masculino,30.0,0,0,250646,13.0,,Southampton, Hans Kristensen,Givard
214,215,0,3,masculino,,1,0,367229,7.75,,Queenstown, Philip,Kiernan
215,216,1,1,feminino,31.0,1,0,35273,113.275,D36,Cherbourg, Madeleine,Newell
216,217,1,3,feminino,27.0,0,0,STON/O2. 3101283,7.925,,Southampton, Eliina,Honkanen
217,218,0,2,masculino,42.0,1,0,243847,27.0,,Southampton, Sidney Samuel,Jacobsohn
218,219,1,1,feminino,32.0,0,0,11813,76.2917,D15,Cherbourg, Albina,Bazzani
219,220,0,2,masculino,30.0,0,0,W/C 14208,10.5,,Southampton, Walter,Harris
220,221,1,3,masculino,16.0,0,0,SOTON/OQ 392089,8.05,,Southampton, Victor Francis,Sunderland
221,222,0,2,masculino,27.0,0,0,220367,13.0,,Southampton, James H,Bracken
222,223,0,3,masculino,51.0,0,0,21440,8.05,,Southampton, George Henry,Green
223,224,0,3,masculino,,0,0,349234,7.8958,,Southampton, Christo,Nenkoff
224,225,1,1,masculino,38.0,1,0,19943,90.0,C93,Southampton, Frederick Maxfield,Hoyt
225,226,0,3,masculino,22.0,0,0,PP 4348,9.35,,Southampton, Karl Ivar Sven,Berglund
226,227,1,2,masculino,19.0,0,0,SW/PP 751,10.5,,Southampton, William John,Mellors
227,228,0,3,masculino,20.5,0,0,A/5 21173,7.25,,Southampton," John Hall (""Henry"")",Lovell
228,229,0,2,masculino,18.0,0,0,236171,13.0,,Southampton, Arne Jonas,Fahlstrom
229,230,0,3,feminino,,3,1,4133,25.4667,,Southampton, Mathilde,Lefebre
230,231,1,1,feminino,35.0,1,0,36973,83.475,C83,Southampton,Irene,Wallach
231,232,0,3,masculino,29.0,0,0,347067,7.775,,Southampton, Bengt Edvin,Larsson
232,233,0,2,masculino,59.0,0,0,237442,13.5,,Southampton, Ernst Adolf,Sjostedt
233,234,1,3,feminino,5.0,4,2,347077,31.3875,,Southampton, Lillian Gertrud,Asplund
234,235,0,2,masculino,24.0,0,0,C.A. 29566,10.5,,Southampton, Robert William Norman,Leyson
235,236,0,3,feminino,,0,0,W./C. 6609,7.55,,Southampton, Alice Phoebe,Harknett
236,237,0,2,masculino,44.0,1,0,26707,26.0,,Southampton, Stephen,Hold
237,238,1,2,feminino,8.0,0,2,C.A. 31921,26.25,,Southampton," Marjorie ""Lottie""",Collyer
238,239,0,2,masculino,19.0,0,0,28665,10.5,,Southampton, Frederick William,Pengelly
239,240,0,2,masculino,33.0,0,0,SCO/W 1585,12.275,,Southampton, George Henry,Hunt
240,241,0,3,feminino,,1,0,2665,14.4542,,Cherbourg, Thamine,Zabour
241,242,1,3,feminino,,1,0,367230,15.5,,Queenstown," Katherine ""Kate""",Murphy
242,243,0,2,masculino,29.0,0,0,W./C. 14263,10.5,,Southampton, Reginald Charles,Coleridge
243,244,0,3,masculino,22.0,0,0,STON/O 2. 3101275,7.125,,Southampton, Matti Alexanteri,Maenpaa
244,245,0,3,masculino,30.0,0,0,2694,7.225,,Cherbourg, Sleiman,Attalah
245,246,0,1,masculino,44.0,2,0,19928,90.0,C78,Queenstown, Dr. William Edward,Minahan
246,247,0,3,feminino,25.0,0,0,347071,7.775,,Southampton, Agda Thorilda Viktoria,Lindahl
247,248,1,2,feminino,24.0,0,2,250649,14.5,,Southampton, William (Anna),Hamalainen
248,249,1,1,masculino,37.0,1,1,11751,52.5542,D35,Southampton, Richard Leonard,Beckwith
249,250,0,2,masculino,54.0,1,0,244252,26.0,,Southampton, Ernest Courtenay,Carter
250,251,0,3,masculino,,0,0,362316,7.25,,Southampton, James George,Reed
251,252,0,3,feminino,29.0,1,1,347054,10.4625,G6,Southampton,Elna Matilda,Persson
252,253,0,1,masculino,62.0,0,0,113514,26.55,C87,Southampton, William Thomas,Stead
253,254,0,3,masculino,30.0,1,0,A/5. 3336,16.1,,Southampton, William Arthur,Lobb
254,255,0,3,feminino,41.0,0,2,370129,20.2125,,Southampton,Helena,Wilhelmina
255,256,1,3,feminino,29.0,0,2,2650,15.2458,,Cherbourg,Hanne Youssef,Razi
256,257,1,1,feminino,,0,0,PC 17585,79.2,,Cherbourg, Gertrude Maybelle,Thorne
257,258,1,1,feminino,30.0,0,0,110152,86.5,B77,Southampton, Gladys,Cherry
258,259,1,1,feminino,35.0,0,0,PC 17755,512.3292,,Cherbourg, Anna,Ward
259,260,1,2,feminino,50.0,0,1,230433,26.0,,Southampton,Lutie,Davis
260,261,0,3,masculino,,0,0,384461,7.75,,Queenstown, Thomas,Smith
261,262,1,3,masculino,3.0,4,2,347077,31.3875,,Southampton, Master. Edvin Rojj Felix,Asplund
262,263,0,1,masculino,52.0,1,1,110413,79.65,E67,Southampton, Emil,Taussig
263,264,0,1,masculino,40.0,0,0,112059,0.0,B94,Southampton, William,Harrison
264,265,0,3,feminino,,0,0,382649,7.75,,Queenstown, Delia,Henry
265,266,0,2,masculino,36.0,0,0,C.A. 17248,10.5,,Southampton, David,Reeves
266,267,0,3,masculino,16.0,4,1,3101295,39.6875,,Southampton, Ernesti Arvid,Panula
267,268,1,3,masculino,25.0,1,0,347083,7.775,,Southampton, Ernst Ulrik,Persson
268,269,1,1,feminino,58.0,0,1,PC 17582,153.4625,C125,Southampton,Edith,Junkins
269,270,1,1,feminino,35.0,0,0,PC 17760,135.6333,C99,Southampton, Amelia,Bissette
270,271,0,1,masculino,,0,0,113798,31.0,,Southampton, Alexander,Cairns
271,272,1,3,masculino,25.0,0,0,LINE,0.0,,Southampton, William Henry,Tornquist
272,273,1,2,feminino,41.0,0,1,250644,19.5,,Southampton,Elizabeth Anne,Maidment
273,274,0,1,masculino,37.0,0,1,PC 17596,29.7,C118,Cherbourg, Charles H,Natsch
274,275,1,3,feminino,,0,0,370375,7.75,,Queenstown," Hanora ""Nora""",Healy
275,276,1,1,feminino,63.0,1,0,13502,77.9583,D7,Southampton, Kornelia Theodosia,Andrews
276,277,0,3,feminino,45.0,0,0,347073,7.75,,Southampton, Augusta Charlotta,Lindblom
277,278,0,2,masculino,,0,0,239853,0.0,,Southampton," Francis ""Frank""",Parkes
278,279,0,3,masculino,7.0,4,1,382652,29.125,,Queenstown, Master. Eric,Rice
279,280,1,3,feminino,35.0,1,1,C.A. 2673,20.25,,Southampton,Rosa,Hunt
280,281,0,3,masculino,65.0,0,0,336439,7.75,,Queenstown, Frank,Duane
281,282,0,3,masculino,28.0,0,0,347464,7.8542,,Southampton, Nils Johan Goransson,Olsson
282,283,0,3,masculino,16.0,0,0,345778,9.5,,Southampton, Alfons de,Pelsmaeker
283,284,1,3,masculino,19.0,0,0,A/5. 10482,8.05,,Southampton, Edward Arthur,Dorking
284,285,0,1,masculino,,0,0,113056,26.0,A19,Southampton, Richard William,Smith
285,286,0,3,masculino,33.0,0,0,349239,8.6625,,Cherbourg, Ivan,Stankovic
286,287,1,3,masculino,30.0,0,0,345774,9.5,,Southampton, Theodore de,Mulder
287,288,0,3,masculino,22.0,0,0,349206,7.8958,,Southampton, Penko,Naidenoff
288,289,1,2,masculino,42.0,0,0,237798,13.0,,Southampton, Masabumi,Hosono
289,290,1,3,feminino,22.0,0,0,370373,7.75,,Queenstown, Kate,Connolly
290,291,1,1,feminino,26.0,0,0,19877,78.85,,Southampton," Ellen ""Nellie""",Barber
291,292,1,1,feminino,19.0,1,0,11967,91.0792,B49,Cherbourg,Helen,Walton
292,293,0,2,masculino,36.0,0,0,SC/Paris 2163,12.875,D,Cherbourg, Rene Jacques,Levy
293,294,0,3,feminino,24.0,0,0,349236,8.85,,Southampton, Aloisia,Haas
294,295,0,3,masculino,24.0,0,0,349233,7.8958,,Southampton, Ivan,Mineff
295,296,0,1,masculino,,0,0,PC 17612,27.7208,,Cherbourg, Ervin G,Lewy
296,297,0,3,masculino,23.5,0,0,2693,7.2292,,Cherbourg, Mansour,Hanna
297,298,0,1,feminino,2.0,1,2,113781,151.55,C22 C26,Southampton, Helen Loraine,Allison
298,299,1,1,masculino,,0,0,19988,30.5,C106,Southampton, Adolphe,Saalfeld
299,300,1,1,feminino,50.0,0,1,PC 17558,247.5208,B58 B60,Cherbourg,Helene DeLaudeniere,Chaput
300,301,1,3,feminino,,0,0,9234,7.75,,Queenstown," Anna Katherine ""Annie Kate""",Kelly
301,302,1,3,masculino,,2,0,367226,23.25,,Queenstown, Bernard,McCoy
302,303,0,3,masculino,19.0,0,0,LINE,0.0,,Southampton, William Cahoone Jr,Johnson
303,304,1,2,feminino,,0,0,226593,12.35,E101,Queenstown, Nora A,Keane
304,305,0,3,masculino,,0,0,A/5 2466,8.05,,Southampton," Howard Hugh ""Harry""",Williams
305,306,1,1,masculino,0.92,1,2,113781,151.55,C22 C26,Southampton, Master. Hudson Trevor,Allison
306,307,1,1,feminino,,0,0,17421,110.8833,,Cherbourg, Margaret,Fleming
307,308,1,1,feminino,17.0,1,0,PC 17758,108.9,C65,Cherbourg,Maria Josefa Perez de Soto y,Vallejo
308,309,0,2,masculino,30.0,1,0,P/PP 3381,24.0,,Cherbourg, Samuel,Abelson
309,310,1,1,feminino,30.0,0,0,PC 17485,56.9292,E36,Cherbourg, Laura Mabel,Francatelli
310,311,1,1,feminino,24.0,0,0,11767,83.1583,C54,Cherbourg, Margaret Bechstein,Hays
311,312,1,1,feminino,18.0,2,2,PC 17608,262.375,B57 B59 B63 B66,Cherbourg, Emily Borie,Ryerson
312,313,0,2,feminino,26.0,1,1,250651,26.0,,Southampton,Anna,Sylfven
313,314,0,3,masculino,28.0,0,0,349243,7.8958,,Southampton, Ignjac,Hendekovic
314,315,0,2,masculino,43.0,1,1,F.C.C. 13529,26.25,,Southampton, Benjamin,Hart
315,316,1,3,feminino,26.0,0,0,347470,7.8542,,Southampton, Helmina Josefina,Nilsson
316,317,1,2,feminino,24.0,1,0,244367,26.0,,Southampton,Miriam,Sternin
317,318,0,2,masculino,54.0,0,0,29011,14.0,,Southampton, Dr. Ernest,Moraweck
318,319,1,1,feminino,31.0,0,2,36928,164.8667,C7,Southampton, Mary Natalie,Wick
319,320,1,1,feminino,40.0,1,1,16966,134.5,E34,Cherbourg,Margaretta Corning,Stone
320,321,0,3,masculino,22.0,0,0,A/5 21172,7.25,,Southampton, Samuel,Dennis
321,322,0,3,masculino,27.0,0,0,349219,7.8958,,Southampton, Yoto,Danoff
322,323,1,2,feminino,30.0,0,0,234818,12.35,,Queenstown, Hilda Mary,Slayter
323,324,1,2,feminino,22.0,1,1,248738,29.0,,Southampton,Sylvia Mae,Harbaugh
324,325,0,3,masculino,,8,2,CA. 2343,69.55,,Southampton, George John Jr,Sage
325,326,1,1,feminino,36.0,0,0,PC 17760,135.6333,C32,Cherbourg, Marie Grice,Young
326,327,0,3,masculino,61.0,0,0,345364,6.2375,,Southampton, Johan Hansen,Nysveen
327,328,1,2,feminino,36.0,0,0,28551,13.0,D,Southampton,Ada E,Hall
328,329,1,3,feminino,31.0,1,1,363291,20.525,,Southampton,Emily Alice,Brown
329,330,1,1,feminino,16.0,0,1,111361,57.9792,B18,Cherbourg, Jean Gertrude,Hippach
330,331,1,3,feminino,,2,0,367226,23.25,,Queenstown, Agnes,McCoy
331,332,0,1,masculino,45.5,0,0,113043,28.5,C124,Southampton, Austen,Partner
332,333,0,1,masculino,38.0,0,1,PC 17582,153.4625,C91,Southampton, George Edward,Graham
333,334,0,3,masculino,16.0,2,0,345764,18.0,,Southampton, Leo Edmondus Vander,Planke
334,335,1,1,feminino,,1,0,PC 17611,133.65,,Southampton,Clara,Heinsheimer
335,336,0,3,masculino,,0,0,349225,7.8958,,Southampton, Mitto,Denkoff
336,337,0,1,masculino,29.0,1,0,113776,66.6,C2,Southampton, Thomas Clinton,Pears
337,338,1,1,feminino,41.0,0,0,16966,134.5,E40,Cherbourg, Elizabeth Margaret,Burns
338,339,1,3,masculino,45.0,0,0,7598,8.05,,Southampton, Karl Edwart,Dahl
339,340,0,1,masculino,45.0,0,0,113784,35.5,T,Southampton, Stephen Weart,Blackwell
340,341,1,2,masculino,2.0,1,1,230080,26.0,F2,Southampton, Master. Edmond Roger,Navratil
341,342,1,1,feminino,24.0,3,2,19950,263.0,C23 C25 C27,Southampton, Alice Elizabeth,Fortune
342,343,0,2,masculino,28.0,0,0,248740,13.0,,Southampton, Erik Gustaf,Collander
343,344,0,2,masculino,25.0,0,0,244361,13.0,,Southampton, Charles Frederick Waddington,Sedgwick
344,345,0,2,masculino,36.0,0,0,229236,13.0,,Southampton, Stanley Hubert,Fox
345,346,1,2,feminino,24.0,0,0,248733,13.0,F33,Southampton," Amelia ""Mildred""",Brown
346,347,1,2,feminino,40.0,0,0,31418,13.0,,Southampton, Marion Elsie,Smith
347,348,1,3,feminino,,1,0,386525,16.1,,Southampton,Mary E,Finck
348,349,1,3,masculino,3.0,1,1,C.A. 37671,15.9,,Southampton," Master. William Loch ""William""",Coutts
349,350,0,3,masculino,42.0,0,0,315088,8.6625,,Southampton, Jovan,Dimic
350,351,0,3,masculino,23.0,0,0,7267,9.225,,Southampton, Nils Martin,Odahl
351,352,0,1,masculino,,0,0,113510,35.0,C128,Southampton, Fletcher Fellows,Williams-Lambert
352,353,0,3,masculino,15.0,1,1,2695,7.2292,,Cherbourg, Tannous,Elias
353,354,0,3,masculino,25.0,1,0,349237,17.8,,Southampton, Josef,Arnold-Franchi
354,355,0,3,masculino,,0,0,2647,7.225,,Cherbourg, Wazli,Yousif
355,356,0,3,masculino,28.0,0,0,345783,9.5,,Southampton, Leo Peter Vanden,Steen
356,357,1,1,feminino,22.0,0,1,113505,55.0,E33,Southampton, Elsie Edith,Bowerman
357,358,0,2,feminino,38.0,0,0,237671,13.0,,Southampton, Annie Clemmer,Funk
358,359,1,3,feminino,,0,0,330931,7.8792,,Queenstown, Mary,McGovern
359,360,1,3,feminino,,0,0,330980,7.8792,,Queenstown," Helen Mary ""Ellie""",Mockler
360,361,0,3,masculino,40.0,1,4,347088,27.9,,Southampton, Wilhelm,Skoog
361,362,0,2,masculino,29.0,1,0,SC/PARIS 2167,27.7208,,Cherbourg, Sebastiano del,Carlo
362,363,0,3,feminino,45.0,0,1,2691,14.4542,,Cherbourg,Catherine,David
363,364,0,3,masculino,35.0,0,0,SOTON/O.Q. 3101310,7.05,,Southampton, Adola,Asim
364,365,0,3,masculino,,1,0,370365,15.5,,Queenstown, Thomas,O'Brien
365,366,0,3,masculino,30.0,0,0,C 7076,7.25,,Southampton, Mauritz Nils Martin,Adahl
366,367,1,1,feminino,60.0,1,0,110813,75.25,D37,Cherbourg,Anna Sophia,Atkinson
367,368,1,3,feminino,,0,0,2626,7.2292,,Cherbourg,Mantoura,Boulos
368,369,1,3,feminino,,0,0,14313,7.75,,Queenstown, Annie,Jermyn
369,370,1,1,feminino,24.0,0,0,PC 17477,69.3,B35,Cherbourg, Mme. Leontine Pauline,Aubart
370,371,1,1,masculino,25.0,1,0,11765,55.4417,E50,Cherbourg, George Achilles,Harder
371,372,0,3,masculino,18.0,1,0,3101267,6.4958,,Southampton, Jakob Alfred,Wiklund
372,373,0,3,masculino,19.0,0,0,323951,8.05,,Southampton, William Thomas,Beavan
373,374,0,1,masculino,22.0,0,0,PC 17760,135.6333,,Cherbourg, Sante,Ringhini
374,375,0,3,feminino,3.0,3,1,349909,21.075,,Southampton, Stina Viola,Palsson
375,376,1,1,feminino,,1,0,PC 17604,82.1708,,Cherbourg,Leila,Saks
376,377,1,3,feminino,22.0,0,0,C 7077,7.25,,Southampton, Aurora Adelia,Landergren
377,378,0,1,masculino,27.0,0,2,113503,211.5,C82,Cherbourg, Harry Elkins,Widener
378,379,0,3,masculino,20.0,0,0,2648,4.0125,,Cherbourg, Tannous,Betros
379,380,0,3,masculino,19.0,0,0,347069,7.775,,Southampton, Karl Gideon,Gustafsson
380,381,1,1,feminino,42.0,0,0,PC 17757,227.525,,Cherbourg, Rosalie,Bidois
381,382,1,3,feminino,1.0,0,2,2653,15.7417,,Cherbourg," Maria (""Mary"")",Nakid
382,383,0,3,masculino,32.0,0,0,STON/O 2. 3101293,7.925,,Southampton, Juho,Tikkanen
383,384,1,1,feminino,35.0,1,0,113789,52.0,,Southampton,Mary Aline,Towner
384,385,0,3,masculino,,0,0,349227,7.8958,,Southampton, Vasil,Plotcharsky
385,386,0,2,masculino,18.0,0,0,S.O.C. 14879,73.5,,Southampton, Charles Henry,Davies
386,387,0,3,masculino,1.0,5,2,CA 2144,46.9,,Southampton, Master. Sidney Leonard,Goodwin
387,388,1,2,feminino,36.0,0,0,27849,13.0,,Southampton, Kate,Buss
388,389,0,3,masculino,,0,0,367655,7.7292,,Queenstown, Matthew,Sadlier
389,390,1,2,feminino,17.0,0,0,SC 1748,12.0,,Cherbourg, Bertha,Lehmann
390,391,1,1,masculino,36.0,1,2,113760,120.0,B96 B98,Southampton, William Ernest,Carter
391,392,1,3,masculino,21.0,0,0,350034,7.7958,,Southampton, Carl Olof,Jansson
392,393,0,3,masculino,28.0,2,0,3101277,7.925,,Southampton, Johan Birger,Gustafsson
393,394,1,1,feminino,23.0,1,0,35273,113.275,D36,Cherbourg, Marjorie,Newell
394,395,1,3,feminino,24.0,0,2,PP 9549,16.7,G6,Southampton,Agnes Charlotta,Bengtsson
395,396,0,3,masculino,22.0,0,0,350052,7.7958,,Southampton, Erik,Johansson
396,397,0,3,feminino,31.0,0,0,350407,7.8542,,Southampton, Elina,Olsson
397,398,0,2,masculino,46.0,0,0,28403,26.0,,Southampton, Peter David,McKane
398,399,0,2,masculino,23.0,0,0,244278,10.5,,Southampton, Dr. Alfred,Pain
399,400,1,2,feminino,28.0,0,0,240929,12.65,,Southampton,Jessie,L
400,401,1,3,masculino,39.0,0,0,STON/O 2. 3101289,7.925,,Southampton, Juha,Niskanen
401,402,0,3,masculino,26.0,0,0,341826,8.05,,Southampton, John,Adams
402,403,0,3,feminino,21.0,1,0,4137,9.825,,Southampton, Mari Aina,Jussila
403,404,0,3,masculino,28.0,1,0,STON/O2. 3101279,15.85,,Southampton, Pekka Pietari,Hakkarainen
404,405,0,3,feminino,20.0,0,0,315096,8.6625,,Southampton, Marija,Oreskovic
405,406,0,2,masculino,34.0,1,0,28664,21.0,,Southampton, Shadrach,Gale
406,407,0,3,masculino,51.0,0,0,347064,7.75,,Southampton, Carl/Charles Peter,Widegren
407,408,1,2,masculino,3.0,1,1,29106,18.75,,Southampton, Master. William Rowe,Richards
408,409,0,3,masculino,21.0,0,0,312992,7.775,,Southampton, Hans Martin Monsen,Birkeland
409,410,0,3,feminino,,3,1,4133,25.4667,,Southampton, Ida,Lefebre
410,411,0,3,masculino,,0,0,349222,7.8958,,Southampton, Todor,Sdycoff
411,412,0,3,masculino,,0,0,394140,6.8583,,Queenstown, Henry,Hart
412,413,1,1,feminino,33.0,1,0,19928,90.0,C78,Queenstown, Daisy E,Minahan
413,414,0,2,masculino,,0,0,239853,0.0,,Southampton, Alfred Fleming,Cunningham
414,415,1,3,masculino,44.0,0,0,STON/O 2. 3101269,7.925,,Southampton, Johan Julian,Sundman
415,416,0,3,feminino,,0,0,343095,8.05,,Southampton,Annie Louise,Rowley
416,417,1,2,feminino,34.0,1,1,28220,32.5,,Southampton,Lulu Thorne,Christian
417,418,1,2,feminino,18.0,0,2,250652,13.0,,Southampton, Lyyli Karoliina,Silven
418,419,0,2,masculino,30.0,0,0,28228,13.0,,Southampton, William John,Matthews
419,420,0,3,feminino,10.0,0,2,345773,24.15,,Southampton, Catharina Van,Impe
420,421,0,3,masculino,,0,0,349254,7.8958,,Cherbourg, Stanio,Gheorgheff
421,422,0,3,masculino,21.0,0,0,A/5. 13032,7.7333,,Queenstown, David,Charters
422,423,0,3,masculino,29.0,0,0,315082,7.875,,Southampton, Leo,Zimmerman
423,424,0,3,feminino,28.0,1,1,347080,14.4,,Southampton,Anna Sigrid Maria,Brogren
424,425,0,3,masculino,18.0,1,1,370129,20.2125,,Southampton, Viktor Richard,Rosblom
425,426,0,3,masculino,,0,0,A/4. 34244,7.25,,Southampton, Phillippe,Wiseman
426,427,1,2,feminino,28.0,1,0,2003,26.0,,Southampton,Ada Maria,Winfield
427,428,1,2,feminino,19.0,0,0,250655,26.0,,Southampton,"""Kate Louise Phillips","Marshall"""
428,429,0,3,masculino,,0,0,364851,7.75,,Queenstown, James,Flynn
429,430,1,3,masculino,32.0,0,0,SOTON/O.Q. 392078,8.05,E10,Southampton,Berk,Trembisky
430,431,1,1,masculino,28.0,0,0,110564,26.55,C52,Southampton, Mauritz Hakan,Bjornstrom-Steffansson
431,432,1,3,feminino,,1,0,376564,16.1,,Southampton,Florence Kate,White
432,433,1,2,feminino,42.0,1,0,SC/AH 3085,26.0,,Southampton,Alice Adelaide,Slow
433,434,0,3,masculino,17.0,0,0,STON/O 2. 3101274,7.125,,Southampton, Nikolai Erland,Kallio
434,435,0,1,masculino,50.0,1,0,13507,55.9,E44,Southampton, William Baird,Silvey
435,436,1,1,feminino,14.0,1,2,113760,120.0,B96 B98,Southampton, Lucile Polk,Carter
436,437,0,3,feminino,21.0,2,2,W./C. 6608,34.375,,Southampton," Doolina Margaret ""Daisy""",Ford
437,438,1,2,feminino,24.0,2,3,29106,18.75,,Southampton,Emily,Hocking
438,439,0,1,masculino,64.0,1,4,19950,263.0,C23 C25 C27,Southampton, Mark,Fortune
439,440,0,2,masculino,31.0,0,0,C.A. 18723,10.5,,Southampton, Johan Henrik Johannesson,Kvillner
440,441,1,2,feminino,45.0,1,1,F.C.C. 13529,26.25,,Southampton,Esther Ada,Bloomfield
441,442,0,3,masculino,20.0,0,0,345769,9.5,,Southampton, Leon,Hampe
442,443,0,3,masculino,25.0,1,0,347076,7.775,,Southampton, Johan Emil,Petterson
443,444,1,2,feminino,28.0,0,0,230434,13.0,,Southampton, Encarnacion,Reynaldo
444,445,1,3,masculino,,0,0,65306,8.1125,,Southampton, Bernt,Johannesen-Bratthammer
445,446,1,1,masculino,4.0,0,2,33638,81.8583,A34,Southampton, Master. Washington,Dodge
446,447,1,2,feminino,13.0,0,1,250644,19.5,,Southampton, Madeleine Violet,Mellinger
447,448,1,1,masculino,34.0,0,0,113794,26.55,,Southampton, Frederic Kimber,Seward
448,449,1,3,feminino,5.0,2,1,2666,19.2583,,Cherbourg, Marie Catherine,Baclini
449,450,1,1,masculino,52.0,0,0,113786,30.5,C104,Southampton, Major. Arthur Godfrey,Peuchen
450,451,0,2,masculino,36.0,1,2,C.A. 34651,27.75,,Southampton, Edwy Arthur,West
451,452,0,3,masculino,,1,0,65303,19.9667,,Southampton, Ingvald Olai Olsen,Hagland
452,453,0,1,masculino,30.0,0,0,113051,27.75,C111,Cherbourg, Benjamin Laventall,Foreman
453,454,1,1,masculino,49.0,1,0,17453,89.1042,C92,Cherbourg, Samuel L,Goldenberg
454,455,0,3,masculino,,0,0,A/5 2817,8.05,,Southampton, Joseph,Peduzzi
455,456,1,3,masculino,29.0,0,0,349240,7.8958,,Cherbourg, Ivan,Jalsevac
456,457,0,1,masculino,65.0,0,0,13509,26.55,E38,Southampton, Francis Davis,Millet
457,458,1,1,feminino,,1,0,17464,51.8625,D21,Southampton, Frederick (Marion),Kenyon
458,459,1,2,feminino,50.0,0,0,F.C.C. 13531,10.5,,Southampton, Ellen,Toomey
459,460,0,3,masculino,,0,0,371060,7.75,,Queenstown, Maurice,O'Connor
460,461,1,1,masculino,48.0,0,0,19952,26.55,E12,Southampton, Harry,Anderson
461,462,0,3,masculino,34.0,0,0,364506,8.05,,Southampton, William,Morley
462,463,0,1,masculino,47.0,0,0,111320,38.5,E63,Southampton, Arthur H,Gee
463,464,0,2,masculino,48.0,0,0,234360,13.0,,Southampton, Jacob Christian,Milling
464,465,0,3,masculino,,0,0,A/S 2816,8.05,,Southampton, Simon,Maisner
465,466,0,3,masculino,38.0,0,0,SOTON/O.Q. 3101306,7.05,,Southampton, Manuel Estanslas,Goncalves
466,467,0,2,masculino,,0,0,239853,0.0,,Southampton, William,Campbell
467,468,0,1,masculino,56.0,0,0,113792,26.55,,Southampton, John Montgomery,Smart
468,469,0,3,masculino,,0,0,36209,7.725,,Queenstown, James,Scanlan
469,470,1,3,feminino,0.75,2,1,2666,19.2583,,Cherbourg, Helene Barbara,Baclini
470,471,0,3,masculino,,0,0,323592,7.25,,Southampton, Arthur,Keefe
471,472,0,3,masculino,38.0,0,0,315089,8.6625,,Southampton, Luka,Cacic
472,473,1,2,feminino,33.0,1,2,C.A. 34651,27.75,,Southampton,Ada Mary,Worth
473,474,1,2,feminino,23.0,0,0,SC/AH Basle 541,13.7917,D,Cherbourg,Marie Marthe,Thuillard
474,475,0,3,feminino,22.0,0,0,7553,9.8375,,Southampton, Ida Sofia,Strandberg
475,476,0,1,masculino,,0,0,110465,52.0,A14,Southampton, George Quincy,Clifford
476,477,0,2,masculino,34.0,1,0,31027,21.0,,Southampton, Peter Henry,Renouf
477,478,0,3,masculino,29.0,1,0,3460,7.0458,,Southampton, Lewis Richard,Braund
478,479,0,3,masculino,22.0,0,0,350060,7.5208,,Southampton, Nils August,Karlsson
479,480,1,3,feminino,2.0,0,1,3101298,12.2875,,Southampton, Hildur E,Hirvonen
480,481,0,3,masculino,9.0,5,2,CA 2144,46.9,,Southampton, Master. Harold Victor,Goodwin
481,482,0,2,masculino,,0,0,239854,0.0,,Southampton," Anthony Wood ""Archie""",Frost
482,483,0,3,masculino,50.0,0,0,A/5 3594,8.05,,Southampton, Richard Henry,Rouse
483,484,1,3,feminino,63.0,0,0,4134,9.5875,,Southampton, (Hedwig),Turkula
484,485,1,1,masculino,25.0,1,0,11967,91.0792,B49,Cherbourg, Dickinson H,Bishop
485,486,0,3,feminino,,3,1,4133,25.4667,,Southampton, Jeannie,Lefebre
486,487,1,1,feminino,35.0,1,0,19943,90.0,C93,Southampton,Jane Anne,Forby
487,488,0,1,masculino,58.0,0,0,11771,29.7,B37,Cherbourg, Edward Austin,Kent
488,489,0,3,masculino,30.0,0,0,A.5. 18509,8.05,,Southampton, Francis William,Somerton
489,490,1,3,masculino,9.0,1,1,C.A. 37671,15.9,,Southampton," Master. Eden Leslie ""Neville""",Coutts
490,491,0,3,masculino,,1,0,65304,19.9667,,Southampton, Konrad Mathias Reiersen,Hagland
491,492,0,3,masculino,21.0,0,0,SOTON/OQ 3101317,7.25,,Southampton, Einar,Windelov
492,493,0,1,masculino,55.0,0,0,113787,30.5,C30,Southampton, Harry Markland,Molson
493,494,0,1,masculino,71.0,0,0,PC 17609,49.5042,,Cherbourg, Ramon,Artagaveytia
494,495,0,3,masculino,21.0,0,0,A/4 45380,8.05,,Southampton, Edward Roland,Stanley
495,496,0,3,masculino,,0,0,2627,14.4583,,Cherbourg, Gerious,Yousseff
496,497,1,1,feminino,54.0,1,0,36947,78.2667,D20,Cherbourg, Elizabeth Mussey,Eustis
497,498,0,3,masculino,,0,0,C.A. 6212,15.1,,Southampton, Frederick William,Shellard
498,499,0,1,feminino,25.0,1,2,113781,151.55,C22 C26,Southampton,Bessie Waldo,Daniels
499,500,0,3,masculino,24.0,0,0,350035,7.7958,,Southampton, Olof,Svensson
500,501,0,3,masculino,17.0,0,0,315086,8.6625,,Southampton, Petar,Calic
501,502,0,3,feminino,21.0,0,0,364846,7.75,,Queenstown, Mary,Canavan
502,503,0,3,feminino,,0,0,330909,7.6292,,Queenstown, Bridget Mary,O'Sullivan
503,504,0,3,feminino,37.0,0,0,4135,9.5875,,Southampton, Kristina Sofia,Laitinen
504,505,1,1,feminino,16.0,0,0,110152,86.5,B79,Southampton, Roberta,Maioni
505,506,0,1,masculino,18.0,1,0,PC 17758,108.9,C65,Cherbourg, Victor de Satode Penasco y,Castellana
506,507,1,2,feminino,33.0,0,2,26360,26.0,,Southampton,Jane,Richards
507,508,1,1,masculino,,0,0,111427,26.55,,Southampton,"""George Arthur","Brayton"""
508,509,0,3,masculino,28.0,0,0,C 4001,22.525,,Southampton, Henry Margido,Olsen
509,510,1,3,masculino,26.0,0,0,1601,56.4958,,Southampton, Fang,Lang
510,511,1,3,masculino,29.0,0,0,382651,7.75,,Queenstown, Eugene Patrick,Daly
511,512,0,3,masculino,,0,0,SOTON/OQ 3101316,8.05,,Southampton, James,Webber
512,513,1,1,masculino,36.0,0,0,PC 17473,26.2875,E25,Southampton, James Robert,McGough
513,514,1,1,feminino,54.0,1,0,PC 17603,59.4,,Cherbourg, Martin (Elizabeth L. Barrett),Rothschild
514,515,0,3,masculino,24.0,0,0,349209,7.4958,,Southampton, Satio,Coleff
515,516,0,1,masculino,47.0,0,0,36967,34.0208,D46,Southampton, William Anderson,Walker
516,517,1,2,feminino,34.0,0,0,C.A. 34260,10.5,F33,Southampton,Amelia,Milley
517,518,0,3,masculino,,0,0,371110,24.15,,Queenstown, Patrick,Ryan
518,519,1,2,feminino,36.0,1,0,226875,26.0,,Southampton,"Florence ""Mary"" Agnes",Hughes
519,520,0,3,masculino,32.0,0,0,349242,7.8958,,Southampton, Stefo,Pavlovic
520,521,1,1,feminino,30.0,0,0,12749,93.5,B73,Southampton, Anne,Perreault
521,522,0,3,masculino,22.0,0,0,349252,7.8958,,Southampton, Janko,Vovk
522,523,0,3,masculino,,0,0,2624,7.225,,Cherbourg, Sarkis,Lahoud
523,524,1,1,feminino,44.0,0,1,111361,57.9792,B18,Cherbourg,Ida Sophia,Fischer
524,525,0,3,masculino,,0,0,2700,7.2292,,Cherbourg, Fared,Kassem
525,526,0,3,masculino,40.5,0,0,367232,7.75,,Queenstown, James,Farrell
526,527,1,2,feminino,50.0,0,0,W./C. 14258,10.5,,Southampton, Lucy,Ridsdale
527,528,0,1,masculino,,0,0,PC 17483,221.7792,C95,Southampton, John,Farthing
528,529,0,3,masculino,39.0,0,0,3101296,7.925,,Southampton, Johan Werner,Salonen
529,530,0,2,masculino,23.0,2,1,29104,11.5,,Southampton, Richard George,Hocking
530,531,1,2,feminino,2.0,1,1,26360,26.0,,Southampton, Phyllis May,Quick
531,532,0,3,masculino,,0,0,2641,7.2292,,Cherbourg, Nakli,Toufik
532,533,0,3,masculino,17.0,1,1,2690,7.2292,,Cherbourg, Joseph Jr,Elias
533,534,1,3,feminino,,0,2,2668,22.3583,,Cherbourg,Catherine,Rizk
534,535,0,3,feminino,30.0,0,0,315084,8.6625,,Southampton, Marija,Cacic
535,536,1,2,feminino,7.0,0,2,F.C.C. 13529,26.25,,Southampton, Eva Miriam,Hart
536,537,0,1,masculino,45.0,0,0,113050,26.55,B38,Southampton, Major. Archibald Willingham,Butt
537,538,1,1,feminino,30.0,0,0,PC 17761,106.425,,Cherbourg, Bertha,LeRoy
538,539,0,3,masculino,,0,0,364498,14.5,,Southampton, Samuel Beard,Risien
539,540,1,1,feminino,22.0,0,2,13568,49.5,B39,Cherbourg, Hedwig Margaritha,Frolicher
540,541,1,1,feminino,36.0,0,2,WE/P 5735,71.0,B22,Southampton, Harriet R,Crosby
541,542,0,3,feminino,9.0,4,2,347082,31.275,,Southampton, Ingeborg Constanzia,Andersson
542,543,0,3,feminino,11.0,4,2,347082,31.275,,Southampton, Sigrid Elisabeth,Andersson
543,544,1,2,masculino,32.0,1,0,2908,26.0,,Southampton, Edward,Beane
544,545,0,1,masculino,50.0,1,0,PC 17761,106.425,C86,Cherbourg, Walter Donald,Douglas
545,546,0,1,masculino,64.0,0,0,693,26.0,,Southampton, Arthur Ernest,Nicholson
546,547,1,2,feminino,19.0,1,0,2908,26.0,,Southampton,Ethel,Clarke
547,548,1,2,masculino,,0,0,SC/PARIS 2146,13.8625,,Cherbourg, Julian Padro y,Manent
548,549,0,3,masculino,33.0,1,1,363291,20.525,,Southampton, Frank John,Goldsmith
549,550,1,2,masculino,8.0,1,1,C.A. 33112,36.75,,Southampton, Master. John Morgan Jr,Davies
550,551,1,1,masculino,17.0,0,2,17421,110.8833,C70,Cherbourg, John Borland Jr,Thayer
551,552,0,2,masculino,27.0,0,0,244358,26.0,,Southampton, Percival James R,Sharp
552,553,0,3,masculino,,0,0,330979,7.8292,,Queenstown, Timothy,O'Brien
553,554,1,3,masculino,22.0,0,0,2620,7.225,,Cherbourg,"""Philip","Zenni"""
554,555,1,3,feminino,22.0,0,0,347085,7.775,,Southampton, Velin,Ohman
555,556,0,1,masculino,62.0,0,0,113807,26.55,,Southampton, George,Wright
556,557,1,1,feminino,48.0,1,0,11755,39.6,A16,Cherbourg,Lucille Christiana,Sutherland
557,558,0,1,masculino,,0,0,PC 17757,227.525,,Cherbourg, Victor,Robbins
558,559,1,1,feminino,39.0,1,1,110413,79.65,E67,Southampton,Tillie,Mandelbaum
559,560,1,3,feminino,36.0,1,0,345572,17.4,,Southampton, Guillaume Joseph (Emma) de,Messemaeker
560,561,0,3,masculino,,0,0,372622,7.75,,Queenstown, Thomas Rowan,Morrow
561,562,0,3,masculino,40.0,0,0,349251,7.8958,,Southampton, Husein,Sivic
562,563,0,2,masculino,28.0,0,0,218629,13.5,,Southampton, Robert Douglas,Norman
563,564,0,3,masculino,,0,0,SOTON/OQ 392082,8.05,,Southampton, John,Simmons
564,565,0,3,feminino,,0,0,SOTON/O.Q. 392087,8.05,,Southampton,Marion,Ogden
565,566,0,3,masculino,24.0,2,0,A/4 48871,24.15,,Southampton, Alfred J,Davies
566,567,0,3,masculino,19.0,0,0,349205,7.8958,,Southampton, Ilia,Stoytcheff
567,568,0,3,feminino,29.0,0,4,349909,21.075,,Southampton,Alma Cornelia,Berglund
568,569,0,3,masculino,,0,0,2686,7.2292,,Cherbourg, Tannous,Doharr
569,570,1,3,masculino,32.0,0,0,350417,7.8542,,Southampton, Carl,Jonsson
570,571,1,2,masculino,62.0,0,0,S.W./PP 752,10.5,,Southampton, George,Harris
571,572,1,1,feminino,53.0,2,0,11769,51.4792,C101,Southampton,Charlotte,Lamson
572,573,1,1,masculino,36.0,0,0,PC 17474,26.3875,E25,Southampton," John Irwin (""Irving"")",Flynn
573,574,1,3,feminino,,0,0,14312,7.75,,Queenstown, Mary,Kelly
574,575,0,3,masculino,16.0,0,0,A/4. 20589,8.05,,Southampton, Alfred George John,Rush
575,576,0,3,masculino,19.0,0,0,358585,14.5,,Southampton, George,Patchett
576,577,1,2,feminino,34.0,0,0,243880,13.0,,Southampton, Ethel,Garside
577,578,1,1,feminino,39.0,1,0,13507,55.9,E44,Southampton,Alice,Munger
578,579,0,3,feminino,,1,0,2689,14.4583,,Cherbourg,Maria,Elias
579,580,1,3,masculino,32.0,0,0,STON/O 2. 3101286,7.925,,Southampton, Eiriik,Jussila
580,581,1,2,feminino,25.0,1,1,237789,30.0,,Southampton, Julie Rachel,Christy
581,582,1,1,feminino,39.0,1,1,17421,110.8833,C68,Cherbourg,Marian Longstreth,Morris
582,583,0,2,masculino,54.0,0,0,28403,26.0,,Southampton, William James,Downton
583,584,0,1,masculino,36.0,0,0,13049,40.125,A10,Cherbourg, John Hugo,Ross
584,585,0,3,masculino,,0,0,3411,8.7125,,Cherbourg, Uscher,Paulner
585,586,1,1,feminino,18.0,0,2,110413,79.65,E68,Southampton, Ruth,Taussig
586,587,0,2,masculino,47.0,0,0,237565,15.0,,Southampton, John Denzil,Jarvis
587,588,1,1,masculino,60.0,1,1,13567,79.2,B41,Cherbourg, Maxmillian,Frolicher-Stehli
588,589,0,3,masculino,22.0,0,0,14973,8.05,,Southampton, Eliezer,Gilinski
589,590,0,3,masculino,,0,0,A./5. 3235,8.05,,Southampton, Joseph,Murdlin
590,591,0,3,masculino,35.0,0,0,STON/O 2. 3101273,7.125,,Southampton, Matti,Rintamaki
591,592,1,1,feminino,52.0,1,0,36947,78.2667,D20,Cherbourg,Martha,Eustis
592,593,0,3,masculino,47.0,0,0,A/5 3902,7.25,,Southampton, William James,Elsbury
593,594,0,3,feminino,,0,2,364848,7.75,,Queenstown, Mary,Bourke
594,595,0,2,masculino,37.0,1,0,SC/AH 29037,26.0,,Southampton, John Henry,Chapman
595,596,0,3,masculino,36.0,1,1,345773,24.15,,Southampton, Jean Baptiste Van,Impe
596,597,1,2,feminino,,0,0,248727,33.0,,Southampton, Jessie Wills,Leitch
597,598,0,3,masculino,49.0,0,0,LINE,0.0,,Southampton, Alfred,Johnson
598,599,0,3,masculino,,0,0,2664,7.225,,Cherbourg, Hanna,Boulos
599,600,1,1,masculino,49.0,1,0,PC 17485,56.9292,A20,Cherbourg," Sir. Cosmo Edmund (""Morgan"") Duff",Gordon
600,601,1,2,feminino,24.0,2,1,243847,27.0,,Southampton,Amy Frances,Christy
601,602,0,3,masculino,,0,0,349214,7.8958,,Southampton, Petco,Slabenoff
602,603,0,1,masculino,,0,0,113796,42.4,,Southampton, Charles H,Harrington
603,604,0,3,masculino,44.0,0,0,364511,8.05,,Southampton, Ernst William,Torber
604,605,1,1,masculino,35.0,0,0,111426,26.55,,Cherbourg,"""E","Haven"""
605,606,0,3,masculino,36.0,1,0,349910,15.55,,Southampton, Edvard Bengtsson,Lindell
606,607,0,3,masculino,30.0,0,0,349246,7.8958,,Southampton, Milan,Karaic
607,608,1,1,masculino,27.0,0,0,113804,30.5,,Southampton, Robert Williams,Daniel
608,609,1,2,feminino,22.0,1,2,SC/Paris 2123,41.5792,,Cherbourg,Juliette Marie Louise,Lafargue
609,610,1,1,feminino,40.0,0,0,PC 17582,153.4625,C125,Southampton, Elizabeth W,Shutes
610,611,0,3,feminino,39.0,1,5,347082,31.275,,Southampton,Alfrida Konstantia,Brogren
611,612,0,3,masculino,,0,0,SOTON/O.Q. 3101305,7.05,,Southampton, Jose Neto,Jardin
612,613,1,3,feminino,,1,0,367230,15.5,,Queenstown, Margaret Jane,Murphy
613,614,0,3,masculino,,0,0,370377,7.75,,Queenstown, John,Horgan
614,615,0,3,masculino,35.0,0,0,364512,8.05,,Southampton, William Alfred,Brocklebank
615,616,1,2,feminino,24.0,1,2,220845,65.0,,Southampton, Alice,Herman
616,617,0,3,masculino,34.0,1,1,347080,14.4,,Southampton, Ernst Gilbert,Danbom
617,618,0,3,feminino,26.0,1,0,A/5. 3336,16.1,,Southampton,Cordelia K,Stanlick
618,619,1,2,feminino,4.0,2,1,230136,39.0,F4,Southampton, Marion Louise,Becker
619,620,0,2,masculino,26.0,0,0,31028,10.5,,Southampton, Lawrence,Gavey
620,621,0,3,masculino,27.0,1,0,2659,14.4542,,Cherbourg, Antoni,Yasbeck
621,622,1,1,masculino,42.0,1,0,11753,52.5542,D19,Southampton, Edwin Nelson Jr,Kimball
622,623,1,3,masculino,20.0,1,1,2653,15.7417,,Cherbourg, Sahid,Nakid
623,624,0,3,masculino,21.0,0,0,350029,7.8542,,Southampton, Henry Damsgaard,Hansen
624,625,0,3,masculino,21.0,0,0,54636,16.1,,Southampton," David John ""Dai""",Bowen
625,626,0,1,masculino,61.0,0,0,36963,32.3208,D50,Southampton, Frederick,Sutton
626,627,0,2,masculino,57.0,0,0,219533,12.35,,Queenstown, Charles Leonard,Kirkland
627,628,1,1,feminino,21.0,0,0,13502,77.9583,D9,Southampton, Gretchen Fiske,Longley
628,629,0,3,masculino,26.0,0,0,349224,7.8958,,Southampton, Guentcho,Bostandyeff
629,630,0,3,masculino,,0,0,334912,7.7333,,Queenstown, Patrick D,O'Connell
630,631,1,1,masculino,80.0,0,0,27042,30.0,A23,Southampton, Algernon Henry Wilson,Barkworth
631,632,0,3,masculino,51.0,0,0,347743,7.0542,,Southampton, Johan Svensson,Lundahl
632,633,1,1,masculino,32.0,0,0,13214,30.5,B50,Cherbourg, Dr. Max,Stahelin-Maeglin
633,634,0,1,masculino,,0,0,112052,0.0,,Southampton, William Henry Marsh,Parr
634,635,0,3,feminino,9.0,3,2,347088,27.9,,Southampton, Mabel,Skoog
635,636,1,2,feminino,28.0,0,0,237668,13.0,,Southampton, Mary,Davis
636,637,0,3,masculino,32.0,0,0,STON/O 2. 3101292,7.925,,Southampton, Antti Gustaf,Leinonen
637,638,0,2,masculino,31.0,1,1,C.A. 31921,26.25,,Southampton, Harvey,Collyer
638,639,0,3,feminino,41.0,0,5,3101295,39.6875,,Southampton,Maria Emilia,Ojala
639,640,0,3,masculino,,1,0,376564,16.1,,Southampton, Percival,Thorneycroft
640,641,0,3,masculino,20.0,0,0,350050,7.8542,,Southampton, Hans Peder,Jensen
641,642,1,1,feminino,24.0,0,0,PC 17477,69.3,B35,Cherbourg, Mlle. Emma,Sagesser
642,643,0,3,feminino,2.0,3,2,347088,27.9,,Southampton, Margit Elizabeth,Skoog
643,644,1,3,masculino,,0,0,1601,56.4958,,Southampton, Choong,Foo
644,645,1,3,feminino,0.75,2,1,2666,19.2583,,Cherbourg, Eugenie,Baclini
645,646,1,1,masculino,48.0,1,0,PC 17572,76.7292,D33,Cherbourg, Henry Sleeper,Harper
646,647,0,3,masculino,19.0,0,0,349231,7.8958,,Southampton, Liudevit,Cor
647,648,1,1,masculino,56.0,0,0,13213,35.5,A26,Cherbourg, Col. Oberst Alfons,Simonius-Blumer
648,649,0,3,masculino,,0,0,S.O./P.P. 751,7.55,,Southampton, Edward,Willey
649,650,1,3,feminino,23.0,0,0,CA. 2314,7.55,,Southampton, Amy Zillah Elsie,Stanley
650,651,0,3,masculino,,0,0,349221,7.8958,,Southampton, Mito,Mitkoff
651,652,1,2,feminino,18.0,0,1,231919,23.0,,Southampton, Elsie,Doling
652,653,0,3,masculino,21.0,0,0,8475,8.4333,,Southampton, Johannes Halvorsen,Kalvik
653,654,1,3,feminino,,0,0,330919,7.8292,,Queenstown," Hanora ""Norah""",O'Leary
654,655,0,3,feminino,18.0,0,0,365226,6.75,,Queenstown," Hanora ""Nora""",Hegarty
655,656,0,2,masculino,24.0,2,0,S.O.C. 14879,73.5,,Southampton, Leonard Mark,Hickman
656,657,0,3,masculino,,0,0,349223,7.8958,,Southampton, Alexander,Radeff
657,658,0,3,feminino,32.0,1,1,364849,15.5,,Queenstown, John (Catherine),Bourke
658,659,0,2,masculino,23.0,0,0,29751,13.0,,Southampton, George Floyd,Eitemiller
659,660,0,1,masculino,58.0,0,2,35273,113.275,D48,Cherbourg, Arthur Webster,Newell
660,661,1,1,masculino,50.0,2,0,PC 17611,133.65,,Southampton, Dr. Henry William,Frauenthal
661,662,0,3,masculino,40.0,0,0,2623,7.225,,Cherbourg, Mohamed,Badt
662,663,0,1,masculino,47.0,0,0,5727,25.5875,E58,Southampton, Edward Pomeroy,Colley
663,664,0,3,masculino,36.0,0,0,349210,7.4958,,Southampton, Peju,Coleff
664,665,1,3,masculino,20.0,1,0,STON/O 2. 3101285,7.925,,Southampton, Eino William,Lindqvist
665,666,0,2,masculino,32.0,2,0,S.O.C. 14879,73.5,,Southampton, Lewis,Hickman
666,667,0,2,masculino,25.0,0,0,234686,13.0,,Southampton, Reginald Fenton,Butler
667,668,0,3,masculino,,0,0,312993,7.775,,Southampton, Knud Paust,Rommetvedt
668,669,0,3,masculino,43.0,0,0,A/5 3536,8.05,,Southampton, Jacob,Cook
669,670,1,1,feminino,,1,0,19996,52.0,C126,Southampton,Juliet Cummins,Wright
670,671,1,2,feminino,40.0,1,1,29750,39.0,,Southampton,Elizabeth Catherine,Ford
671,672,0,1,masculino,31.0,1,0,F.C. 12750,52.0,B71,Southampton, Thornton,Davidson
672,673,0,2,masculino,70.0,0,0,C.A. 24580,10.5,,Southampton, Henry Michael,Mitchell
673,674,1,2,masculino,31.0,0,0,244270,13.0,,Southampton, Charles,Wilhelms
674,675,0,2,masculino,,0,0,239856,0.0,,Southampton, Ennis Hastings,Watson
675,676,0,3,masculino,18.0,0,0,349912,7.775,,Southampton, Gustaf Hjalmar,Edvardsson
676,677,0,3,masculino,24.5,0,0,342826,8.05,,Southampton, Frederick Charles,Sawyer
677,678,1,3,feminino,18.0,0,0,4138,9.8417,,Southampton, Anna Sofia,Turja
678,679,0,3,feminino,43.0,1,6,CA 2144,46.9,,Southampton,Augusta,Tyler
679,680,1,1,masculino,36.0,0,1,PC 17755,512.3292,B51 B53 B55,Cherbourg, Thomas Drake Martinez,Cardeza
680,681,0,3,feminino,,0,0,330935,8.1375,,Queenstown, Katie,Peters
681,682,1,1,masculino,27.0,0,0,PC 17572,76.7292,D49,Cherbourg, Hammad,Hassab
682,683,0,3,masculino,20.0,0,0,6563,9.225,,Southampton, Thor Anderson,Olsvigen
683,684,0,3,masculino,14.0,5,2,CA 2144,46.9,,Southampton, Charles Edward,Goodwin
684,685,0,2,masculino,60.0,1,1,29750,39.0,,Southampton, Thomas William Solomon,Brown
685,686,0,2,masculino,25.0,1,2,SC/Paris 2123,41.5792,,Cherbourg, Joseph Philippe Lemercier,Laroche
686,687,0,3,masculino,14.0,4,1,3101295,39.6875,,Southampton, Jaako Arnold,Panula
687,688,0,3,masculino,19.0,0,0,349228,10.1708,,Southampton, Branko,Dakic
688,689,0,3,masculino,18.0,0,0,350036,7.7958,,Southampton, Eberhard Thelander,Fischer
689,690,1,1,feminino,15.0,0,1,24160,211.3375,B5,Southampton, Georgette Alexandra,Madill
690,691,1,1,masculino,31.0,1,0,17474,57.0,B20,Southampton, Albert Adrian,Dick
691,692,1,3,feminino,4.0,0,1,349256,13.4167,,Cherbourg, Manca,Karun
692,693,1,3,masculino,,0,0,1601,56.4958,,Southampton, Ali,Lam
693,694,0,3,masculino,25.0,0,0,2672,7.225,,Cherbourg, Khalil,Saad
694,695,0,1,masculino,60.0,0,0,113800,26.55,,Southampton, Col. John,Weir
695,696,0,2,masculino,52.0,0,0,248731,13.5,,Southampton, Charles Henry,Chapman
696,697,0,3,masculino,44.0,0,0,363592,8.05,,Southampton, James,Kelly
697,698,1,3,feminino,,0,0,35852,7.7333,,Queenstown," Katherine ""Katie""",Mullens
698,699,0,1,masculino,49.0,1,1,17421,110.8833,C68,Cherbourg, John Borland,Thayer
699,700,0,3,masculino,42.0,0,0,348121,7.65,F G63,Southampton, Adolf Mathias Nicolai Olsen,Humblen
700,701,1,1,feminino,18.0,1,0,PC 17757,227.525,C62 C64,Cherbourg,Madeleine Talmadge,Force
701,702,1,1,masculino,35.0,0,0,PC 17475,26.2875,E24,Southampton, Spencer Victor,Silverthorne
702,703,0,3,feminino,18.0,0,1,2691,14.4542,,Cherbourg, Saiide,Barbara
703,704,0,3,masculino,25.0,0,0,36864,7.7417,,Queenstown, Martin,Gallagher
704,705,0,3,masculino,26.0,1,0,350025,7.8542,,Southampton, Henrik Juul,Hansen
705,706,0,2,masculino,39.0,0,0,250655,26.0,,Southampton,"""Henry","Marshall"""
706,707,1,2,feminino,45.0,0,0,223596,13.5,,Southampton," Florence ""Fannie""",Kelly
707,708,1,1,masculino,42.0,0,0,PC 17476,26.2875,E24,Southampton, Edward Pennington,Calderhead
708,709,1,1,feminino,22.0,0,0,113781,151.55,,Southampton, Alice,Cleaver
709,710,1,3,masculino,,1,1,2661,15.2458,,Cherbourg,"""William","George"""
710,711,1,1,feminino,24.0,0,0,PC 17482,49.5042,C90,Cherbourg,"""de","Villiers"""
711,712,0,1,masculino,,0,0,113028,26.55,C124,Southampton, Herman,Klaber
712,713,1,1,masculino,48.0,1,0,19996,52.0,C126,Southampton, Elmer Zebley,Taylor
713,714,0,3,masculino,29.0,0,0,7545,9.4833,,Southampton, August Viktor,Larsson
714,715,0,2,masculino,52.0,0,0,250647,13.0,,Southampton, Samuel,Greenberg
715,716,0,3,masculino,19.0,0,0,348124,7.65,F G73,Southampton, Peter Andreas Lauritz Andersen,Soholt
716,717,1,1,feminino,38.0,0,0,PC 17757,227.525,C45,Cherbourg, Caroline Louise,Endres
717,718,1,2,feminino,27.0,0,0,34218,10.5,E101,Southampton," Edwina Celia ""Winnie""",Troutt
718,719,0,3,masculino,,0,0,36568,15.5,,Queenstown, Michael,McEvoy
719,720,0,3,masculino,33.0,0,0,347062,7.775,,Southampton, Malkolm Joackim,Johnson
720,721,1,2,feminino,6.0,0,1,248727,33.0,,Southampton," Annie Jessie ""Nina""",Harper
721,722,0,3,masculino,17.0,1,0,350048,7.0542,,Southampton, Svend Lauritz,Jensen
722,723,0,2,masculino,34.0,0,0,12233,13.0,,Southampton, William Henry,Gillespie
723,724,0,2,masculino,50.0,0,0,250643,13.0,,Southampton, Henry Price,Hodges
724,725,1,1,masculino,27.0,1,0,113806,53.1,E8,Southampton, Norman Campbell,Chambers
725,726,0,3,masculino,20.0,0,0,315094,8.6625,,Southampton, Luka,Oreskovic
726,727,1,2,feminino,30.0,3,0,31027,21.0,,Southampton,Lillian,Jefferys
727,728,1,3,feminino,,0,0,36866,7.7375,,Queenstown, Margareth,Mannion
728,729,0,2,masculino,25.0,1,0,236853,26.0,,Southampton, Kurt Arnold Gottfrid,Bryhl
729,730,0,3,feminino,25.0,1,0,STON/O2. 3101271,7.925,,Southampton, Pieta Sofia,Ilmakangas
730,731,1,1,feminino,29.0,0,0,24160,211.3375,B5,Southampton, Elisabeth Walton,Allen
731,732,0,3,masculino,11.0,0,0,2699,18.7875,,Cherbourg, Houssein G N,Hassan
732,733,0,2,masculino,,0,0,239855,0.0,,Southampton, Robert J,Knight
733,734,0,2,masculino,23.0,0,0,28425,13.0,,Southampton, William John,Berriman
734,735,0,2,masculino,23.0,0,0,233639,13.0,,Southampton, Moses Aaron,Troupiansky
735,736,0,3,masculino,28.5,0,0,54636,16.1,,Southampton, Leslie,Williams
736,737,0,3,feminino,48.0,1,3,W./C. 6608,34.375,,Southampton,Margaret Ann,Watson
737,738,1,1,masculino,35.0,0,0,PC 17755,512.3292,B101,Cherbourg, Gustave J,Lesurer
738,739,0,3,masculino,,0,0,349201,7.8958,,Southampton, Kanio,Ivanoff
739,740,0,3,masculino,,0,0,349218,7.8958,,Southampton, Minko,Nankoff
740,741,1,1,masculino,,0,0,16988,30.0,D45,Southampton, Walter James,Hawksford
741,742,0,1,masculino,36.0,1,0,19877,78.85,C46,Southampton, Tyrell William,Cavendish
742,743,1,1,feminino,21.0,2,2,PC 17608,262.375,B57 B59 B63 B66,Cherbourg," Susan Parker ""Suzette""",Ryerson
743,744,0,3,masculino,24.0,1,0,376566,16.1,,Southampton, Neal,McNamee
744,745,1,3,masculino,31.0,0,0,STON/O 2. 3101288,7.925,,Southampton, Juho,Stranden
745,746,0,1,masculino,70.0,1,1,WE/P 5735,71.0,B22,Southampton, Capt. Edward Gifford,Crosby
746,747,0,3,masculino,16.0,1,1,C.A. 2673,20.25,,Southampton, Rossmore Edward,Abbott
747,748,1,2,feminino,30.0,0,0,250648,13.0,,Southampton, Anna,Sinkkonen
748,749,0,1,masculino,19.0,1,0,113773,53.1,D30,Southampton, Daniel Warner,Marvin
749,750,0,3,masculino,31.0,0,0,335097,7.75,,Queenstown, Michael,Connaghton
750,751,1,2,feminino,4.0,1,1,29103,23.0,,Southampton, Joan,Wells
751,752,1,3,masculino,6.0,0,1,392096,12.475,E121,Southampton, Master. Meier,Moor
752,753,0,3,masculino,33.0,0,0,345780,9.5,,Southampton, Johannes Joseph Vande,Velde
753,754,0,3,masculino,23.0,0,0,349204,7.8958,,Southampton, Lalio,Jonkoff
754,755,1,2,feminino,48.0,1,2,220845,65.0,,Southampton,Jane,Laver
755,756,1,2,masculino,0.67,1,1,250649,14.5,,Southampton, Master. Viljo,Hamalainen
756,757,0,3,masculino,28.0,0,0,350042,7.7958,,Southampton, August Sigfrid,Carlsson
757,758,0,2,masculino,18.0,0,0,29108,11.5,,Southampton, Percy Andrew,Bailey
758,759,0,3,masculino,34.0,0,0,363294,8.05,,Southampton, Thomas Leonard,Theobald
759,760,1,1,feminino,33.0,0,0,110152,86.5,B77,Southampton, the Countess. of (Lucy Noel Martha Dyer-Edwards),Rothes
760,761,0,3,masculino,,0,0,358585,14.5,,Southampton, John,Garfirth
761,762,0,3,masculino,41.0,0,0,SOTON/O2 3101272,7.125,,Southampton, Iisakki Antino Aijo,Nirva
762,763,1,3,masculino,20.0,0,0,2663,7.2292,,Cherbourg, Hanna Assi,Barah
763,764,1,1,feminino,36.0,1,2,113760,120.0,B96 B98,Southampton,Lucile,Polk
764,765,0,3,masculino,16.0,0,0,347074,7.775,,Southampton, Hans Linus,Eklund
765,766,1,1,feminino,51.0,1,0,13502,77.9583,D11,Southampton,Anna,Andrews
766,767,0,1,masculino,,0,0,112379,39.6,,Cherbourg, Dr. Arthur Jackson,Brewe
767,768,0,3,feminino,30.5,0,0,364850,7.75,,Queenstown, Mary,Mangan
768,769,0,3,masculino,,1,0,371110,24.15,,Queenstown, Daniel J,Moran
769,770,0,3,masculino,32.0,0,0,8471,8.3625,,Southampton, Daniel Danielsen,Gronnestad
770,771,0,3,masculino,24.0,0,0,345781,9.5,,Southampton, Rene Aime,Lievens
771,772,0,3,masculino,48.0,0,0,350047,7.8542,,Southampton, Niels Peder,Jensen
772,773,0,2,feminino,57.0,0,0,S.O./P.P. 3,10.5,E77,Southampton, (Mary),Mack
773,774,0,3,masculino,,0,0,2674,7.225,,Cherbourg, Dibo,Elias
774,775,1,2,feminino,54.0,1,3,29105,23.0,,Southampton,Eliza,Needs
775,776,0,3,masculino,18.0,0,0,347078,7.75,,Southampton, Pehr Fabian Oliver Malkolm,Myhrman
776,777,0,3,masculino,,0,0,383121,7.75,F38,Queenstown, Roger,Tobin
777,778,1,3,feminino,5.0,0,0,364516,12.475,,Southampton, Virginia Ethel,Emanuel
778,779,0,3,masculino,,0,0,36865,7.7375,,Queenstown, Thomas J,Kilgannon
779,780,1,1,feminino,43.0,0,1,24160,211.3375,B3,Southampton,Elisabeth Walton,McMillan
780,781,1,3,feminino,13.0,0,0,2687,7.2292,,Cherbourg, Banoura,Ayoub
781,782,1,1,feminino,17.0,1,0,17474,57.0,B20,Southampton,Vera,Gillespie
782,783,0,1,masculino,29.0,0,0,113501,30.0,D6,Southampton, Milton Clyde,Long
783,784,0,3,masculino,,1,2,W./C. 6607,23.45,,Southampton, Andrew G,Johnston
784,785,0,3,masculino,25.0,0,0,SOTON/O.Q. 3101312,7.05,,Southampton, William,Ali
785,786,0,3,masculino,25.0,0,0,374887,7.25,,Southampton,David,Lishin
786,787,1,3,feminino,18.0,0,0,3101265,7.4958,,Southampton, Anna Sofia,Sjoblom
787,788,0,3,masculino,8.0,4,1,382652,29.125,,Queenstown, Master. George Hugh,Rice
788,789,1,3,masculino,1.0,1,2,C.A. 2315,20.575,,Southampton, Master. Bertram Vere,Dean
789,790,0,1,masculino,46.0,0,0,PC 17593,79.2,B82 B84,Cherbourg, Benjamin,Guggenheim
790,791,0,3,masculino,,0,0,12460,7.75,,Queenstown," Andrew ""Andy""",Keane
791,792,0,2,masculino,16.0,0,0,239865,26.0,,Southampton, Alfred,Gaskell
792,793,0,3,feminino,,8,2,CA. 2343,69.55,,Southampton, Stella Anna,Sage
793,794,0,1,masculino,,0,0,PC 17600,30.6958,,Cherbourg, William Fisher,Hoyt
794,795,0,3,masculino,25.0,0,0,349203,7.8958,,Southampton, Ristiu,Dantcheff
795,796,0,2,masculino,39.0,0,0,28213,13.0,,Southampton, Richard,Otter
796,797,1,1,feminino,49.0,0,0,17465,25.9292,D17,Southampton, Dr. Alice (Farnham),Leader
797,798,1,3,feminino,31.0,0,0,349244,8.6833,,Southampton, Mara,Osman
798,799,0,3,masculino,30.0,0,0,2685,7.2292,,Cherbourg, Yousseff Ibrahim,Shawah
799,800,0,3,feminino,30.0,1,1,345773,24.15,,Southampton,Rosalie Paula,Govaert
800,801,0,2,masculino,34.0,0,0,250647,13.0,,Southampton, Martin,Ponesell
801,802,1,2,feminino,31.0,1,1,C.A. 31921,26.25,,Southampton,Charlotte Annie,Tate
802,803,1,1,masculino,11.0,1,2,113760,120.0,B96 B98,Southampton, Master. William Thornton II,Carter
803,804,1,3,masculino,0.42,0,1,2625,8.5167,,Cherbourg, Master. Assad Alexander,Thomas
804,805,1,3,masculino,27.0,0,0,347089,6.975,,Southampton, Oskar Arvid,Hedman
805,806,0,3,masculino,31.0,0,0,347063,7.775,,Southampton, Karl Johan,Johansson
806,807,0,1,masculino,39.0,0,0,112050,0.0,A36,Southampton, Thomas Jr,Andrews
807,808,0,3,feminino,18.0,0,0,347087,7.775,,Southampton, Ellen Natalia,Pettersson
808,809,0,2,masculino,39.0,0,0,248723,13.0,,Southampton, August,Meyer
809,810,1,1,feminino,33.0,1,0,113806,53.1,E8,Southampton,Bertha,Griggs
810,811,0,3,masculino,26.0,0,0,3474,7.8875,,Southampton, William,Alexander
811,812,0,3,masculino,39.0,0,0,A/4 48871,24.15,,Southampton, James,Lester
812,813,0,2,masculino,35.0,0,0,28206,10.5,,Southampton, Richard James,Slemen
813,814,0,3,feminino,6.0,4,2,347082,31.275,,Southampton, Ebba Iris Alfrida,Andersson
814,815,0,3,masculino,30.5,0,0,364499,8.05,,Southampton, Ernest Portage,Tomlin
815,816,0,1,masculino,,0,0,112058,0.0,B102,Southampton, Richard,Fry
816,817,0,3,feminino,23.0,0,0,STON/O2. 3101290,7.925,,Southampton, Wendla Maria,Heininen
817,818,0,2,masculino,31.0,1,1,S.C./PARIS 2079,37.0042,,Cherbourg, Albert,Mallet
818,819,0,3,masculino,43.0,0,0,C 7075,6.45,,Southampton, John Fredrik Alexander,Holm
819,820,0,3,masculino,10.0,3,2,347088,27.9,,Southampton, Master. Karl Thorsten,Skoog
820,821,1,1,feminino,52.0,1,1,12749,93.5,B69,Southampton,Clara Jennings,Gregg
821,822,1,3,masculino,27.0,0,0,315098,8.6625,,Southampton, Nikola,Lulic
822,823,0,1,masculino,38.0,0,0,19972,0.0,,Southampton, Jonkheer. John George,Reuchlin
823,824,1,3,feminino,27.0,0,1,392096,12.475,E121,Southampton, (Beila),Moor
824,825,0,3,masculino,2.0,4,1,3101295,39.6875,,Southampton, Master. Urho Abraham,Panula
825,826,0,3,masculino,,0,0,368323,6.95,,Queenstown, John,Flynn
826,827,0,3,masculino,,0,0,1601,56.4958,,Southampton, Len,Lam
827,828,1,2,masculino,1.0,0,2,S.C./PARIS 2079,37.0042,,Cherbourg, Master. Andre,Mallet
828,829,1,3,masculino,,0,0,367228,7.75,,Queenstown, Thomas Joseph,McCormack
829,830,1,1,feminino,62.0,0,0,113572,80.0,B28,,Martha,Evelyn
830,831,1,3,feminino,15.0,1,0,2659,14.4542,,Cherbourg,Selini,Alexander
831,832,1,2,masculino,0.83,1,1,29106,18.75,,Southampton, Master. George Sibley,Richards
832,833,0,3,masculino,,0,0,2671,7.2292,,Cherbourg, Amin,Saad
833,834,0,3,masculino,23.0,0,0,347468,7.8542,,Southampton, Albert,Augustsson
834,835,0,3,masculino,18.0,0,0,2223,8.3,,Southampton, Owen George,Allum
835,836,1,1,feminino,39.0,1,1,PC 17756,83.1583,E49,Cherbourg, Sara Rebecca,Compton
836,837,0,3,masculino,21.0,0,0,315097,8.6625,,Southampton, Jakob,Pasic
837,838,0,3,masculino,,0,0,392092,8.05,,Southampton, Maurice,Sirota
838,839,1,3,masculino,32.0,0,0,1601,56.4958,,Southampton, Chang,Chip
839,840,1,1,masculino,,0,0,11774,29.7,C47,Cherbourg, Pierre,Marechal
840,841,0,3,masculino,20.0,0,0,SOTON/O2 3101287,7.925,,Southampton, Ilmari Rudolf,Alhomaki
841,842,0,2,masculino,16.0,0,0,S.O./P.P. 3,10.5,,Southampton, Thomas Charles,Mudd
842,843,1,1,feminino,30.0,0,0,113798,31.0,,Cherbourg, Augusta,Serepeca
843,844,0,3,masculino,34.5,0,0,2683,6.4375,,Cherbourg, Peter L,Lemberopolous
844,845,0,3,masculino,17.0,0,0,315090,8.6625,,Southampton, Jeso,Culumovic
845,846,0,3,masculino,42.0,0,0,C.A. 5547,7.55,,Southampton, Anthony,Abbing
846,847,0,3,masculino,,8,2,CA. 2343,69.55,,Southampton, Douglas Bullen,Sage
847,848,0,3,masculino,35.0,0,0,349213,7.8958,,Cherbourg, Marin,Markoff
848,849,0,2,masculino,28.0,0,1,248727,33.0,,Southampton, John,Harper
849,850,1,1,feminino,,1,0,17453,89.1042,C92,Cherbourg,Edwiga,Grabowska
850,851,0,3,masculino,4.0,4,2,347082,31.275,,Southampton, Master. Sigvard Harald Elias,Andersson
851,852,0,3,masculino,74.0,0,0,347060,7.775,,Southampton, Johan,Svensson
852,853,0,3,feminino,9.0,1,1,2678,15.2458,,Cherbourg, Nourelain,Boulos
853,854,1,1,feminino,16.0,0,1,PC 17592,39.4,D28,Southampton, Mary Conover,Lines
854,855,0,2,feminino,44.0,1,0,244252,26.0,,Southampton,Lilian,Hughes
855,856,1,3,feminino,18.0,0,1,392091,9.35,,Southampton,Leah,Rosen
856,857,1,1,feminino,45.0,1,1,36928,164.8667,,Southampton,Mary,Hitchcock
857,858,1,1,masculino,51.0,0,0,113055,26.55,E17,Southampton, Peter Denis,Daly
858,859,1,3,feminino,24.0,0,3,2666,19.2583,,Cherbourg,Latifa,Qurban
859,860,0,3,masculino,,0,0,2629,7.2292,,Cherbourg, Raihed,Razi
860,861,0,3,masculino,41.0,2,0,350026,14.1083,,Southampton, Claus Peter,Hansen
861,862,0,2,masculino,21.0,1,0,28134,11.5,,Southampton, Frederick Edward,Giles
862,863,1,1,feminino,48.0,0,0,17466,25.9292,D17,Southampton,Margaret Welles,Barron
863,864,0,3,feminino,,8,2,CA. 2343,69.55,,Southampton," Dorothy Edith ""Dolly""",Sage
864,865,0,2,masculino,24.0,0,0,233866,13.0,,Southampton, John William,Gill
865,866,1,2,feminino,42.0,0,0,236852,13.0,,Southampton, (Karolina),Bystrom
866,867,1,2,feminino,27.0,1,0,SC/PARIS 2149,13.8583,,Cherbourg, Asuncion Duran y,More
867,868,0,1,masculino,31.0,0,0,PC 17590,50.4958,A24,Southampton, Washington Augustus II,Roebling
868,869,0,3,masculino,,0,0,345777,9.5,,Southampton, Philemon van,Melkebeke
869,870,1,3,masculino,4.0,1,1,347742,11.1333,,Southampton, Master. Harold Theodor,Johnson
870,871,0,3,masculino,26.0,0,0,349248,7.8958,,Southampton, Cerin,Balkic
871,872,1,1,feminino,47.0,1,1,11751,52.5542,D35,Southampton,Sallie,Monypeny
872,873,0,1,masculino,33.0,0,0,695,5.0,B51 B53 B55,Southampton, Frans Olof,Carlsson
873,874,0,3,masculino,47.0,0,0,345765,9.0,,Southampton, Victor Vander,Cruyssen
874,875,1,2,feminino,28.0,1,0,P/PP 3381,24.0,,Cherbourg,Hannah,Wizosky
875,876,1,3,feminino,15.0,0,0,2667,7.225,,Cherbourg," Adele Kiamie ""Jane""",Najib
876,877,0,3,masculino,20.0,0,0,7534,9.8458,,Southampton, Alfred Ossian,Gustafsson
877,878,0,3,masculino,19.0,0,0,349212,7.8958,,Southampton, Nedelio,Petroff
878,879,0,3,masculino,,0,0,349217,7.8958,,Southampton, Kristo,Laleff
879,880,1,1,feminino,56.0,0,1,11767,83.1583,C50,Cherbourg,Lily Alexenia,Wilson
880,881,1,2,feminino,25.0,0,1,230433,26.0,,Southampton,Imanita Parrish,Hall
881,882,0,3,masculino,33.0,0,0,349257,7.8958,,Southampton, Johann,Markun
882,883,0,3,feminino,22.0,0,0,7552,10.5167,,Southampton, Gerda Ulrika,Dahlberg
883,884,0,2,masculino,28.0,0,0,C.A./SOTON 34068,10.5,,Southampton, Frederick James,Banfield
884,885,0,3,masculino,25.0,0,0,SOTON/OQ 392076,7.05,,Southampton, Henry Jr,Sutehall
885,886,0,3,feminino,39.0,0,5,382652,29.125,,Queenstown,Margaret,Norton
886,887,0,2,masculino,27.0,0,0,211536,13.0,,Southampton, Juozas,Montvila
887,888,1,1,feminino,19.0,0,0,112053,30.0,B42,Southampton, Margaret Edith,Graham
888,889,0,3,feminino,,1,2,W./C. 6607,23.45,,Southampton," Catherine Helen ""Carrie""",Johnston
889,890,1,1,masculino,26.0,0,0,111369,30.0,C148,Cherbourg, Karl Howell,Behr
890,891,0,3,masculino,32.0,0,0,370376,7.75,,Queenstown, Patrick,Dooley
